,nb_de_pieces,superficie,carrez,prix,code_postal,id_local,id_type
0,4,67,False,269000,77360,169.0,0.0
1,4,91,False,420000,91120,355.0,5.0
2,4,72,False,225000,78700,215.0,0.0
3,3,58,False,210000,94190,485.0,0.0
4,3,56,False,599000,75015,14.0,0.0
5,9,185,False,399000,91150,321.0,5.0
6,2,52,False,439000,92380,393.0,0.0
7,2,42,False,449900,75015,14.0,0.0
8,3,35,False,324000,92400,391.0,0.0
9,3,80,False,840000,75010,9.0,0.0
10,2,46,False,268000,94130,469.0,0.0
11,7,175,False,830000,95170,507.0,5.0
12,5,138,False,728000,78500,272.0,5.0
13,2,36,False,418000,75018,17.0,0.0
14,7,115,False,338000,91720,341.0,5.0
15,3,56,False,395000,92130,396.0,0.0
16,2,50,False,265000,94320,481.0,0.0
17,6,202,False,895000,93110,438.0,5.0
18,4,85,False,393000,78400,209.0,0.0
19,2,53,False,415000,92100,383.0,0.0
20,3,57,False,268000,92700,390.0,0.0
21,5,130,False,444900,95660,502.0,5.0
22,2,40,False,350000,92100,383.0,0.0
23,2,37,False,117000,91460,342.0,0.0
24,2,56,False,560000,75017,16.0,0.0
25,1,10,False,95000,75020,19.0,0.0
26,1,16,False,238000,75016,15.0,0.0
27,2,51,False,505900,75013,12.0,0.0
28,1,21,False,69500,94550,456.0,0.0
29,3,43,False,131900,77240,158.0,0.0
30,4,106,False,123500,77260,78.0,5.0
31,3,56,False,231200,77120,58.0,0.0
32,2,27,False,265000,75011,10.0,0.0
33,4,74,False,253200,77120,58.0,5.0
34,3,63,False,250200,77120,58.0,0.0
35,2,24,False,335000,75018,17.0,0.0
36,6,143,False,580000,77600,36.0,5.0
37,1,28,False,225000,92250,394.0,0.0
38,4,92,False,359000,78120,266.0,5.0
39,1,22,False,244500,75015,14.0,0.0
40,9,192,False,410000,77130,114.0,5.0
41,6,202,False,1240000,91570,296.0,5.0
42,7,168,False,760000,91120,355.0,5.0
43,5,103,False,477000,95370,534.0,5.0
44,3,51,False,515000,75019,18.0,0.0
45,5,118,False,670000,94340,464.0,5.0
46,3,71,False,276000,91240,363.0,0.0
47,2,44,False,188000,77120,58.0,0.0
48,1,11,False,141900,75014,13.0,0.0
49,3,64,False,282000,91160,294.0,0.0
50,4,66,False,680000,75019,18.0,0.0
51,2,38,False,174000,77120,58.0,0.0
52,2,63,False,839000,75018,17.0,0.0
53,3,59,False,238200,77120,58.0,0.0
54,2,26,False,112000,78200,244.0,3.0
55,2,49,False,695000,75018,17.0,0.0
56,2,51,False,243000,93110,438.0,0.0
57,2,25,False,244000,93100,430.0,0.0
58,5,152,False,650000,93100,430.0,5.0
59,6,125,False,619000,94490,472.0,5.0
60,5,93,False,450000,92160,380.0,0.0
61,1,33,False,260000,92140,388.0,0.0
62,14,172,False,790000,93200,439.0,5.0
63,8,160,False,530000,78113,214.0,5.0
64,8,210,False,237000,77160,137.0,5.0
65,4,75,False,249999,95100,490.0,0.0
66,4,87,False,465000,77400,97.0,5.0
67,3,69,False,440000,92160,380.0,0.0
68,2,53,False,499000,75020,19.0,0.0
69,4,66,False,265000,78160,246.0,0.0
70,2,30,False,282000,75019,18.0,0.0
71,1,23,False,331600,75005,4.0,0.0
72,5,105,False,459000,91330,379.0,5.0
73,5,90,False,304000,93000,418.0,5.0
74,4,75,False,152000,91800,301.0,0.0
75,7,145,False,599900,78700,215.0,5.0
76,5,97,False,226900,77176,121.0,0.0
77,2,95,False,290000,77450,92.0,5.0
78,2,29,False,119000,91160,339.0,0.0
79,5,137,False,344900,77176,156.0,5.0
80,3,62,False,240000,95370,534.0,0.0
81,4,69,False,194000,95150,559.0,0.0
82,10,265,False,1299000,94430,455.0,5.0
83,2,45,False,218000,94600,457.0,0.0
84,2,44,False,192000,91220,303.0,0.0
85,4,76,False,348000,95440,510.0,5.0
86,1,31,False,385000,75016,15.0,0.0
87,1,26,False,145000,77400,97.0,0.0
88,5,114,False,387000,93220,426.0,5.0
89,7,240,False,1237113,95160,535.0,5.0
90,4,88,False,549000,78400,209.0,5.0
91,5,118,False,1350000,75010,9.0,0.0
92,3,60,False,410000,78420,204.0,0.0
93,2,46,False,190000,95300,544.0,0.0
94,2,38,False,220000,93450,427.0,0.0
95,1,19,False,184900,92600,381.0,0.0
96,3,58,False,169000,91510,334.0,0.0
97,2,62,False,239500,92160,380.0,0.0
98,3,85,False,330500,95160,535.0,0.0
99,4,77,False,77000,77160,51.0,5.0
100,1,20,False,225500,75011,10.0,0.0
101,5,110,False,440000,91800,305.0,5.0
102,3,61,False,500000,75018,17.0,0.0
103,2,54,False,539000,75002,1.0,0.0
104,2,44,False,585000,75008,7.0,0.0
105,4,140,False,490000,91160,365.0,5.0
106,3,60,False,459000,93400,440.0,0.0
107,1,19,False,189000,75020,19.0,0.0
108,4,82,False,217500,91670,290.0,5.0
109,4,115,False,599000,94120,459.0,5.0
110,4,88,False,210000,77230,66.0,5.0
111,4,89,False,330000,77500,50.0,5.0
112,6,150,False,370000,77124,183.0,5.0
113,3,70,False,349000,93330,432.0,0.0
114,8,271,False,795000,78610,271.0,5.0
115,3,68,False,209000,77190,65.0,0.0
116,5,139,False,1250000,75019,18.0,0.0
117,5,183,False,450000,77115,28.0,5.0
118,2,56,False,550000,75012,11.0,0.0
119,3,57,False,179000,95130,517.0,0.0
120,4,80,False,545000,94230,452.0,5.0
121,2,42,False,157000,95130,517.0,0.0
122,5,87,False,389000,95330,508.0,5.0
123,1,9,False,139000,75005,4.0,0.0
124,5,112,False,399000,77178,152.0,5.0
125,4,82,False,182000,91100,313.0,0.0
126,8,162,False,378000,77176,121.0,5.0
127,9,232,False,466000,77370,122.0,5.0
128,3,81,False,299000,93700,424.0,5.0
129,1,29,False,186500,93400,440.0,0.0
130,4,112,False,479000,78540,281.0,5.0
131,7,170,False,549000,78320,282.0,5.0
132,3,72,False,379000,94700,467.0,0.0
133,6,271,False,1500000,77000,141.0,5.0
134,2,41,False,349000,94300,487.0,0.0
135,4,88,False,378700,94440,468.0,5.0
136,5,93,False,439990,93160,433.0,5.0
137,3,59,False,202000,93600,415.0,0.0
138,2,67,False,727000,75016,15.0,0.0
139,4,120,False,980000,92140,388.0,0.0
140,4,82,False,310000,94500,453.0,0.0
141,4,81,False,256600,77127,99.0,0.0
142,7,224,False,749000,94260,460.0,5.0
143,2,46,False,380000,75019,18.0,0.0
144,2,89,False,249000,95350,547.0,0.0
145,4,95,False,208500,77440,107.0,5.0
146,4,115,False,295000,91590,329.0,5.0
147,4,102,False,324000,93290,442.0,5.0
148,3,62,False,179000,95510,489.0,5.0
149,4,69,False,285000,77600,36.0,0.0
150,3,78,False,329000,92700,390.0,0.0
151,3,60,False,265000,77330,128.0,0.0
152,3,80,False,212000,77650,157.0,5.0
153,3,45,False,169000,91470,291.0,0.0
154,4,101,False,271000,77124,125.0,5.0
155,4,80,False,272000,78120,266.0,0.0
156,2,42,False,498000,75011,10.0,0.0
157,3,53,False,565000,92300,397.0,0.0
158,4,97,False,1280000,75017,16.0,0.0
159,1,36,False,425000,92200,403.0,0.0
160,6,158,False,1960000,75016,15.0,0.0
161,5,140,False,1780000,75017,16.0,0.0
162,2,36,False,459000,75017,16.0,0.0
163,2,45,False,480000,75016,15.0,0.0
164,7,255,False,2860000,75017,16.0,0.0
165,2,36,False,358000,92300,397.0,0.0
166,3,51,False,666000,75017,16.0,0.0
167,1,16,False,190000,75017,16.0,0.0
168,5,130,False,1760000,75008,7.0,0.0
169,1,27,False,204500,92320,386.0,0.0
170,6,133,False,1140000,92320,386.0,5.0
171,6,143,False,1228000,92320,386.0,5.0
172,2,20,False,152000,92320,386.0,0.0
173,2,47,False,336000,92320,386.0,0.0
174,4,69,False,480000,92110,389.0,0.0
175,4,90,False,333000,93350,420.0,0.0
176,2,49,False,149500,91100,313.0,0.0
177,4,90,False,265000,77260,78.0,5.0
178,6,173,False,499000,78910,260.0,5.0
179,3,80,False,270000,78400,209.0,0.0
180,4,105,False,368000,77340,135.0,5.0
181,3,59,False,238000,95130,517.0,0.0
182,4,107,False,439000,93360,431.0,5.0
183,4,90,False,335000,78170,205.0,0.0
184,2,52,False,159000,78990,219.0,0.0
185,4,72,False,206000,93220,426.0,0.0
186,3,58,False,226000,93600,415.0,0.0
187,4,98,False,740000,93100,430.0,5.0
188,3,69,False,264000,94360,451.0,0.0
189,3,65,False,160000,77310,145.0,0.0
190,6,205,False,440000,77515,39.0,5.0
191,1,20,False,120000,77700,105.0,0.0
192,4,95,False,495000,92160,380.0,0.0
193,4,132,False,184000,77460,41.0,5.0
194,4,84,False,185000,77390,49.0,0.0
195,3,59,False,235000,93000,418.0,0.0
196,6,126,False,625000,77500,50.0,5.0
197,2,29,False,359000,75018,17.0,0.0
198,6,161,False,509000,78550,235.0,5.0
199,1,35,False,158000,91330,379.0,0.0
200,1,35,False,175000,94320,481.0,0.0
201,3,64,False,241000,95310,552.0,0.0
202,2,45,False,162000,91150,321.0,5.0
203,10,140,False,469000,91360,320.0,5.0
204,4,100,False,575000,95110,555.0,5.0
205,3,72,False,325000,95870,496.0,0.0
206,5,138,False,585000,78630,259.0,5.0
207,7,190,False,513500,91580,376.0,5.0
208,5,86,False,299000,91310,349.0,5.0
209,4,105,False,320000,91160,339.0,5.0
210,4,67,False,195600,91700,361.0,0.0
211,5,94,False,240000,77120,58.0,5.0
212,2,31,False,122000,91780,309.0,5.0
213,7,215,False,425000,77100,123.0,5.0
214,6,126,False,360000,77390,129.0,5.0
215,3,64,False,174000,91150,351.0,0.0
216,5,82,False,349000,94270,465.0,0.0
217,4,97,False,474000,78700,215.0,5.0
218,2,48,False,239000,93160,433.0,0.0
219,5,92,False,225000,91170,377.0,0.0
220,5,125,False,325000,91650,304.0,5.0
221,6,111,False,395000,77680,142.0,5.0
222,6,150,False,362800,91680,306.0,5.0
223,4,78,False,499000,94200,463.0,0.0
224,4,62,False,250000,78580,247.0,5.0
225,3,59,False,311000,77500,50.0,5.0
226,3,60,False,189000,77340,135.0,0.0
227,4,110,False,429000,95320,550.0,5.0
228,6,109,False,312000,78570,191.0,0.0
229,4,84,False,399000,95410,523.0,5.0
230,3,56,False,389000,95880,511.0,5.0
231,3,54,False,255000,77600,36.0,0.0
232,6,130,False,410000,93150,417.0,5.0
233,4,78,False,325000,95480,542.0,5.0
234,9,240,False,988000,78500,272.0,5.0
235,1,17,False,212000,92200,403.0,0.0
236,1,21,False,81000,78550,235.0,0.0
237,7,134,False,480000,95100,490.0,5.0
238,4,67,False,232500,78200,202.0,0.0
239,5,110,False,375000,91470,337.0,5.0
240,5,117,False,870000,92600,381.0,0.0
241,5,116,False,292000,77310,31.0,5.0
242,7,250,False,619500,77270,184.0,5.0
243,4,83,False,270000,92600,381.0,0.0
244,5,161,False,596000,91220,357.0,5.0
245,7,167,False,595000,91440,307.0,5.0
246,5,105,False,396900,91480,358.0,5.0
247,6,131,False,460000,91700,361.0,5.0
248,6,136,False,450000,77680,142.0,5.0
249,6,102,False,395000,95460,515.0,5.0
250,5,124,False,398000,94190,485.0,5.0
251,6,130,False,465000,95500,521.0,5.0
252,5,113,False,470000,93200,439.0,5.0
253,12,427,False,1238000,94400,488.0,5.0
254,6,233,False,330000,77820,47.0,5.0
255,3,53,False,224000,93700,424.0,0.0
256,5,120,False,369900,91280,364.0,5.0
257,3,65,False,275000,93160,433.0,0.0
258,3,65,False,310000,78140,279.0,0.0
259,6,125,False,249000,77165,155.0,0.0
260,6,130,False,405000,91310,340.0,5.0
261,5,127,False,260000,77250,179.0,5.0
262,5,100,False,554000,93340,436.0,5.0
263,4,91,False,163000,77540,143.0,0.0
264,2,36,False,385000,75015,14.0,0.0
265,4,89,False,734000,93100,430.0,0.0
266,1,31,False,168000,91430,330.0,0.0
267,9,220,False,550000,91200,293.0,5.0
268,5,123,False,355000,77115,28.0,5.0
269,4,75,False,239000,77500,50.0,0.0
270,2,40,False,173000,77340,135.0,0.0
271,6,125,False,332000,91650,304.0,5.0
272,3,73,False,173000,95800,501.0,0.0
273,6,200,False,735000,77420,43.0,5.0
274,5,119,False,299900,91580,372.0,5.0
275,3,60,False,187000,95130,517.0,0.0
276,6,104,False,295000,91150,321.0,5.0
277,10,280,False,649000,78570,191.0,5.0
278,4,95,False,695000,94400,488.0,5.0
279,4,83,False,495000,75019,18.0,0.0
280,5,99,False,240000,77520,69.0,5.0
281,4,71,False,199000,77140,124.0,5.0
282,6,102,False,210000,77580,187.0,5.0
283,8,170,False,261000,77131,165.0,5.0
284,3,60,False,520000,92120,401.0,0.0
285,4,82,False,79000,77160,137.0,0.0
286,4,67,False,269900,94320,481.0,0.0
287,4,140,False,325000,77710,140.0,5.0
288,2,52,False,449000,92150,410.0,0.0
289,5,213,False,1300000,77100,108.0,5.0
290,3,64,False,315000,94600,457.0,0.0
291,4,82,False,433750,92700,390.0,0.0
292,6,175,False,575000,94440,482.0,5.0
293,3,53,False,255500,93700,424.0,0.0
294,4,93,False,990000,75016,15.0,5.0
295,4,79,False,1020000,75017,16.0,0.0
296,6,154,False,990000,92320,386.0,0.0
297,6,154,False,990000,92140,388.0,0.0
298,11,305,False,750000,95810,522.0,5.0
299,7,175,False,580000,91650,304.0,5.0
300,3,52,False,367200,92800,405.0,0.0
301,2,39,False,270000,93300,414.0,0.0
302,3,67,False,529380,92400,391.0,0.0
303,4,79,False,259000,95300,544.0,0.0
304,3,63,False,213000,92700,390.0,0.0
305,5,102,False,390000,95290,525.0,5.0
306,4,79,False,549000,78150,211.0,0.0
307,4,70,False,483000,78500,272.0,0.0
308,2,30,False,139750,78970,251.0,0.0
309,5,95,False,452000,95110,555.0,5.0
310,6,140,False,399000,77580,62.0,5.0
311,5,120,False,400900,78580,194.0,5.0
312,5,105,False,367000,95420,528.0,5.0
313,4,115,False,273300,95420,528.0,5.0
314,7,160,False,679250,95320,550.0,5.0
315,2,44,False,278250,92000,402.0,0.0
316,9,370,False,1200000,91180,362.0,7.0
317,4,82,False,849900,75019,18.0,0.0
318,1,29,False,279000,75019,18.0,0.0
319,6,111,False,720000,95250,492.0,5.0
320,7,160,False,599000,95330,508.0,5.0
321,5,90,False,325000,95570,498.0,5.0
322,6,96,False,340200,95280,526.0,5.0
323,3,46,False,329500,92110,389.0,0.0
324,5,140,False,377000,77860,138.0,5.0
325,5,120,False,454000,94440,482.0,5.0
326,3,61,False,240000,95800,501.0,0.0
327,5,120,False,435000,78320,282.0,5.0
328,4,80,False,415000,91400,360.0,0.0
329,4,77,False,158000,77260,78.0,5.0
330,3,59,False,360000,93100,430.0,0.0
331,3,65,False,499550,75019,18.0,0.0
332,2,54,False,304000,78150,211.0,0.0
333,4,91,False,1071000,92100,383.0,0.0
334,3,69,False,579000,75020,19.0,0.0
335,4,82,False,419000,77144,115.0,3.0
336,7,200,False,728000,78580,247.0,5.0
337,4,82,False,258000,95110,555.0,0.0
338,1,24,False,340000,75008,7.0,0.0
339,4,81,False,899000,75011,10.0,0.0
340,2,54,False,298000,78150,211.0,0.0
341,1,34,False,409000,75013,12.0,0.0
342,3,54,False,130000,91590,322.0,0.0
343,3,55,False,370000,92330,408.0,0.0
344,4,75,False,264000,94400,488.0,0.0
345,4,61,False,222000,94400,488.0,0.0
346,4,71,False,239000,94400,488.0,0.0
347,4,71,False,398000,94400,488.0,5.0
348,4,105,False,349000,78125,230.0,5.0
349,2,38,False,133000,77230,161.0,0.0
350,4,87,False,610000,92190,400.0,0.0
351,3,75,False,438000,78150,211.0,0.0
352,5,86,False,318000,77166,74.0,5.0
353,2,54,False,180000,77270,184.0,0.0
354,3,55,False,231000,77270,184.0,5.0
355,5,99,False,549000,94700,467.0,0.0
356,4,86,False,159000,77100,108.0,0.0
357,6,136,False,552000,94440,480.0,5.0
358,5,110,False,323000,91380,312.0,0.0
359,6,132,False,371000,77760,168.0,5.0
360,2,52,False,184000,91800,305.0,0.0
361,3,70,False,60000,77260,78.0,5.0
362,6,113,False,395000,77340,135.0,5.0
363,3,67,False,237500,91290,292.0,0.0
364,2,44,False,220000,93110,438.0,0.0
365,3,47,False,295000,92320,386.0,0.0
366,4,63,False,365000,92320,386.0,3.0
367,4,97,False,1120000,75017,16.0,0.0
368,4,96,False,498000,78150,211.0,0.0
369,1,47,False,450000,75011,10.0,0.0
370,2,48,False,200000,94500,453.0,0.0
371,1,22,False,270000,75005,4.0,0.0
372,3,51,False,183000,91550,356.0,0.0
373,8,180,False,600000,78370,261.0,5.0
374,3,74,False,620400,92100,383.0,0.0
375,1,20,False,118000,93130,434.0,0.0
376,6,160,False,549000,78790,192.0,5.0
377,1,15,False,145220,78000,283.0,0.0
378,1,25,False,246000,75018,17.0,0.0
379,5,143,False,1266000,78000,283.0,0.0
380,2,54,False,265000,78150,211.0,0.0
381,4,73,False,267000,91120,355.0,0.0
382,5,104,False,250000,91150,321.0,5.0
383,6,227,False,519000,78270,255.0,5.0
384,6,227,False,519000,78200,244.0,5.0
385,4,77,False,222000,78200,244.0,0.0
386,3,65,False,205000,92300,397.0,0.0
387,8,170,False,1123000,95160,535.0,5.0
388,1,21,False,135000,93160,433.0,0.0
389,1,32,False,328000,92130,396.0,0.0
390,1,18,False,174000,75020,19.0,0.0
391,4,83,False,238542,78990,219.0,0.0
392,2,43,False,179000,91280,364.0,0.0
393,3,60,False,470000,92290,385.0,0.0
394,2,27,False,285000,75019,18.0,0.0
395,2,28,False,299000,93400,440.0,0.0
396,5,97,False,515000,92230,395.0,0.0
397,3,62,False,160850,95310,552.0,0.0
398,1,30,False,148000,93130,434.0,0.0
399,4,110,False,168500,77260,78.0,5.0
400,4,110,False,462000,91120,355.0,5.0
401,1,32,False,165000,77184,72.0,0.0
402,3,81,False,420000,93170,416.0,0.0
403,3,80,False,149000,91100,313.0,0.0
404,3,74,False,159000,77510,70.0,5.0
405,3,64,False,172000,77000,110.0,0.0
406,1,100,False,60000,92160,380.0,1.0
407,1,18,False,105000,92600,381.0,0.0
408,5,135,False,399000,78770,275.0,5.0
409,2,53,False,375000,94700,467.0,0.0
410,3,41,False,305000,92140,388.0,0.0
411,1,36,False,250000,94800,483.0,0.0
412,2,54,False,269000,78150,211.0,0.0
413,11,318,False,564300,95640,529.0,5.0
414,11,318,False,564300,95750,503.0,5.0
415,8,202,False,389000,95420,528.0,5.0
416,7,160,False,396000,95420,528.0,5.0
417,1,20,False,125000,93170,416.0,0.0
418,3,72,False,404000,92350,404.0,0.0
419,4,70,False,350000,93470,422.0,5.0
420,5,95,False,270000,77220,87.0,0.0
421,4,77,False,205000,95140,520.0,0.0
422,4,100,False,463999,91120,355.0,0.0
423,2,45,False,228000,94420,474.0,0.0
424,6,170,False,598000,91640,332.0,5.0
425,2,53,False,383000,92400,391.0,0.0
426,6,124,False,430002,94240,462.0,0.0
427,12,225,False,980000,93200,439.0,5.0
428,3,70,False,599000,75020,19.0,0.0
429,4,85,False,276000,77600,36.0,5.0
430,10,229,False,580000,95000,501.0,5.0
431,3,68,False,315000,94600,457.0,0.0
432,3,85,False,345000,78800,236.0,0.0
433,8,158,False,449000,78730,268.0,5.0
434,3,62,False,272000,92190,400.0,0.0
435,5,79,False,208000,91240,363.0,0.0
436,2,40,False,392000,75018,17.0,0.0
437,4,85,False,589000,78100,270.0,0.0
438,6,157,False,662000,93390,421.0,5.0
439,4,102,False,398000,77500,50.0,5.0
440,3,68,False,249000,77860,138.0,0.0
441,5,133,False,445000,93470,422.0,5.0
442,7,127,False,445000,93370,429.0,5.0
443,4,64,False,159000,93390,421.0,0.0
444,4,138,False,337000,77181,61.0,5.0
445,4,85,False,438000,93370,429.0,5.0
446,2,50,False,259000,93370,429.0,5.0
447,4,95,False,378000,93370,429.0,5.0
448,7,160,False,457000,93470,422.0,5.0
449,5,76,False,319000,77181,61.0,5.0
450,4,95,False,375000,93370,429.0,5.0
451,5,130,False,399000,93470,422.0,5.0
452,5,100,False,383000,77410,20.0,5.0
453,9,200,False,565000,93190,428.0,5.0
454,6,120,False,359000,93370,429.0,5.0
455,6,123,False,461000,93390,421.0,5.0
456,5,100,False,343000,93370,429.0,5.0
457,7,200,False,499000,93390,421.0,5.0
458,3,73,False,215000,93410,443.0,0.0
459,7,110,False,639000,77360,169.0,5.0
460,2,46,False,225000,77410,54.0,0.0
461,1,26,False,189000,93270,441.0,5.0
462,2,44,False,187000,93190,428.0,0.0
463,3,63,False,1050000,75016,15.0,0.0
464,5,170,False,2190000,75008,7.0,0.0
465,1,15,False,270000,75017,16.0,0.0
466,7,220,False,3250000,75018,17.0,0.0
467,2,33,False,550000,75008,7.0,0.0
468,3,105,False,735000,94170,473.0,0.0
469,3,52,False,225000,92160,380.0,0.0
470,3,60,False,460000,92170,411.0,0.0
471,8,179,False,820000,94120,459.0,5.0
472,2,32,False,196400,77600,36.0,0.0
473,3,61,False,579000,75010,9.0,0.0
474,3,68,False,159001,91240,363.0,0.0
475,3,68,False,168000,91240,363.0,0.0
476,3,69,False,159000,91240,363.0,0.0
477,1,24,False,280000,75020,19.0,0.0
478,3,51,False,135000,91100,313.0,0.0
479,6,130,False,414900,93110,438.0,5.0
480,3,74,False,480000,92250,394.0,0.0
481,5,120,False,365000,91620,373.0,5.0
482,2,46,False,550000,75018,17.0,0.0
483,4,70,False,510000,94170,473.0,5.0
484,6,145,False,769000,94490,472.0,5.0
485,7,180,False,1495000,94120,459.0,5.0
486,5,80,False,244000,95160,535.0,0.0
487,2,37,False,399000,75010,9.0,0.0
488,3,74,False,599000,75019,18.0,0.0
489,7,160,False,527000,78550,235.0,5.0
490,2,45,False,283500,92000,402.0,0.0
491,2,56,False,450000,75020,19.0,0.0
492,5,88,False,220000,95200,556.0,5.0
493,3,92,False,1345000,75016,15.0,0.0
494,6,250,False,450000,77515,75.0,5.0
495,2,53,False,515000,78000,283.0,0.0
496,1,10,False,121500,75018,17.0,0.0
497,7,135,False,825000,94800,483.0,5.0
498,5,118,False,430700,78120,266.0,0.0
499,15,465,False,1950000,78120,266.0,5.0
500,1,17,False,181500,75015,14.0,0.0
501,1,22,False,244000,75012,11.0,0.0
502,6,154,False,447000,77330,128.0,5.0
503,3,67,False,345000,93100,430.0,0.0
504,5,107,False,458900,91330,379.0,5.0
505,4,92,False,340000,77000,110.0,5.0
506,4,97,False,999000,92250,394.0,5.0
507,2,53,False,404521,93500,435.0,0.0
508,4,96,False,315000,77185,102.0,0.0
509,1,8,False,90000,75009,8.0,0.0
510,3,74,False,229900,93160,433.0,0.0
511,8,180,False,936000,78810,222.0,5.0
512,4,86,False,217000,91380,312.0,0.0
513,4,81,False,227000,93200,439.0,0.0
514,5,124,False,957000,93100,430.0,3.0
515,2,46,False,158251,77550,112.0,0.0
516,5,97,False,265000,91650,304.0,5.0
517,5,117,False,370000,91750,310.0,5.0
518,6,126,False,420000,95740,518.0,5.0
519,4,185,False,252000,77710,103.0,5.0
520,4,65,False,219450,95540,533.0,0.0
521,3,65,False,449000,92150,410.0,0.0
522,4,89,False,399000,92600,381.0,0.0
523,4,79,False,333000,93330,432.0,0.0
524,9,200,False,550000,78200,224.0,5.0
525,8,210,False,474600,78440,237.0,5.0
526,2,32,False,375000,75003,2.0,0.0
527,5,84,False,430000,93170,416.0,0.0
528,3,65,False,279000,78260,190.0,0.0
529,5,300,False,340000,91540,345.0,5.0
530,5,85,False,295000,77380,56.0,5.0
531,5,152,False,1980000,75008,7.0,0.0
532,5,150,False,469000,77190,65.0,5.0
533,4,57,False,183500,95100,490.0,0.0
534,3,66,False,233100,78990,219.0,3.0
535,8,280,False,950000,91390,352.0,5.0
536,9,220,False,799000,78126,193.0,5.0
537,2,43,False,250000,77144,115.0,0.0
538,6,150,False,627000,95100,490.0,5.0
539,4,86,False,338000,77680,142.0,5.0
540,5,103,False,445000,77181,61.0,5.0
541,10,208,False,780000,94480,446.0,5.0
542,3,72,False,457000,94340,464.0,0.0
543,6,98,False,349000,91700,361.0,5.0
544,3,66,False,467000,78240,207.0,5.0
545,7,165,False,799000,91320,378.0,5.0
546,4,60,False,279000,77270,184.0,5.0
547,4,80,False,330000,77550,100.0,5.0
548,2,47,False,172000,93250,444.0,0.0
549,3,63,False,225000,93190,428.0,0.0
550,3,48,False,109500,77310,145.0,0.0
551,2,29,False,249000,92110,389.0,0.0
552,3,59,False,239000,95870,496.0,0.0
553,2,56,False,749000,75016,15.0,0.0
554,3,75,False,619000,94100,478.0,0.0
555,8,210,False,395000,91660,346.0,5.0
556,3,71,False,609000,75020,19.0,0.0
557,6,125,False,468000,91760,331.0,5.0
558,4,82,False,174000,91600,366.0,0.0
559,4,113,False,392000,95000,501.0,5.0
560,2,36,False,418000,75010,9.0,0.0
561,4,87,False,299900,77100,108.0,5.0
562,5,98,False,310000,77390,89.0,5.0
563,5,128,False,495000,94290,484.0,5.0
564,5,72,False,169000,77260,78.0,5.0
565,5,150,False,332500,77640,95.0,5.0
566,3,74,False,206000,95300,544.0,0.0
567,5,160,False,494000,77500,50.0,5.0
568,2,29,False,176000,95270,562.0,5.0
569,5,124,False,449000,77170,35.0,5.0
570,1,18,False,95500,95800,501.0,0.0
571,3,90,False,285000,78740,278.0,5.0
572,3,68,False,350000,78110,284.0,0.0
573,1,29,False,115000,77380,56.0,0.0
574,5,128,False,270000,77000,110.0,0.0
575,6,121,False,420000,91630,343.0,5.0
576,2,53,False,540000,75014,13.0,0.0
577,3,85,False,310000,77580,187.0,5.0
578,2,53,False,395000,93500,435.0,0.0
579,4,91,False,323000,77760,37.0,5.0
580,4,110,False,300000,77380,56.0,5.0
581,4,90,False,365000,78550,235.0,5.0
582,9,260,False,1130000,78400,209.0,5.0
583,8,210,False,319000,77670,177.0,5.0
584,4,99,False,650000,94120,459.0,0.0
585,4,91,False,699000,92600,381.0,0.0
586,1,26,False,179000,92160,380.0,0.0
587,3,68,False,209000,78200,244.0,0.0
588,3,66,False,427000,94100,478.0,0.0
589,3,58,False,699000,75015,14.0,0.0
590,6,117,False,430000,91410,317.0,5.0
591,4,74,False,289000,94470,449.0,0.0
592,3,120,False,895000,75018,17.0,0.0
593,3,65,False,185000,78200,244.0,0.0
594,5,180,False,870000,94400,488.0,5.0
595,3,55,False,265000,92350,404.0,0.0
596,1,10,False,128000,75014,13.0,0.0
597,6,174,False,389000,77167,24.0,5.0
598,5,165,False,699600,94420,474.0,5.0
599,2,46,False,158000,77550,112.0,0.0
601,4,119,False,619000,93200,439.0,0.0
602,2,38,False,445000,75011,10.0,0.0
603,2,48,False,199000,78955,203.0,0.0
604,4,85,False,515000,78530,201.0,0.0
605,3,63,False,239000,94120,459.0,0.0
606,6,140,False,569000,95350,547.0,5.0
607,4,78,False,398000,92160,380.0,0.0
608,3,72,False,520000,92190,400.0,0.0
609,2,49,False,179000,95130,517.0,0.0
610,4,72,False,325000,91100,313.0,5.0
611,5,110,False,320500,91380,312.0,0.0
612,5,230,False,620000,77410,20.0,5.0
613,2,40,False,195000,94430,455.0,0.0
614,6,186,False,724000,77850,90.0,5.0
615,3,58,False,284000,94500,453.0,0.0
616,8,186,False,590000,77540,104.0,5.0
617,3,56,False,320000,92370,387.0,0.0
618,5,99,False,424000,91600,366.0,5.0
619,4,74,False,229500,91210,318.0,0.0
620,6,204,False,749000,77150,98.0,5.0
621,2,39,False,175000,91420,350.0,0.0
622,6,155,False,429000,95460,515.0,5.0
623,4,96,False,699000,92150,410.0,0.0
624,4,69,False,312000,95460,515.0,5.0
625,5,97,False,399000,77700,25.0,5.0
626,2,47,False,439000,92100,383.0,0.0
627,3,80,False,261000,78930,231.0,5.0
628,6,87,False,364900,78930,231.0,5.0
629,5,140,False,449000,95540,533.0,5.0
630,7,181,False,764000,78630,254.0,5.0
631,5,90,False,384000,91620,373.0,5.0
632,4,90,False,179000,77560,26.0,5.0
633,4,100,False,330000,91410,317.0,0.0
634,4,49,False,164000,77220,87.0,0.0
635,3,68,False,230000,95000,501.0,0.0
636,2,45,False,438000,93400,440.0,0.0
637,2,38,False,279000,92700,390.0,0.0
638,3,67,False,159000,78990,219.0,0.0
639,3,75,False,219000,95420,528.0,5.0
640,5,88,False,240000,93800,425.0,0.0
641,6,119,False,313000,77390,176.0,5.0
642,3,61,False,234000,77100,108.0,0.0
643,12,340,False,875000,77590,81.0,5.0
644,4,70,False,289000,77380,56.0,5.0
645,2,31,False,125000,95100,490.0,0.0
646,2,56,False,781000,92200,403.0,0.0
647,4,106,False,365000,91210,318.0,5.0
648,3,136,False,323000,77131,132.0,5.0
649,5,92,False,310000,77250,174.0,5.0
650,5,91,False,218000,77290,111.0,0.0
651,1,16,False,185000,75011,10.0,0.0
652,2,62,False,240000,78400,209.0,0.0
653,3,50,False,125000,77710,103.0,0.0
654,4,87,False,332000,93600,415.0,0.0
655,6,191,False,2450000,75015,14.0,5.0
656,4,87,False,359000,93150,417.0,5.0
657,8,180,False,660000,91310,349.0,5.0
658,3,72,False,329000,92290,385.0,0.0
659,4,73,False,400000,94350,486.0,0.0
660,4,83,False,250000,77130,170.0,5.0
661,6,137,False,598000,95390,553.0,5.0
662,2,50,False,285000,78160,246.0,0.0
663,5,78,False,290000,78160,246.0,0.0
664,2,71,False,1129000,75009,8.0,0.0
665,2,37,False,179000,93150,417.0,0.0
666,3,51,False,229000,92700,390.0,0.0
667,2,42,False,208000,91540,345.0,0.0
668,4,68,False,250000,95100,490.0,0.0
669,4,79,False,309000,93150,417.0,0.0
670,3,62,False,230000,77400,97.0,0.0
671,4,86,False,222000,77380,56.0,0.0
672,2,36,False,310000,93100,430.0,0.0
673,3,82,False,209000,78790,273.0,5.0
674,3,47,False,192000,78550,235.0,0.0
675,4,180,False,249500,77710,178.0,5.0
676,3,65,False,140000,77310,145.0,0.0
677,7,157,False,340000,78510,277.0,5.0
678,3,61,False,260000,95490,561.0,0.0
679,3,69,False,199000,77410,46.0,0.0
680,5,182,False,940000,77600,45.0,5.0
681,4,81,False,332000,77600,36.0,0.0
682,4,148,False,383000,77400,97.0,5.0
683,3,74,False,499000,92410,413.0,0.0
684,3,67,False,338000,94700,467.0,0.0
685,2,48,False,269000,92230,395.0,0.0
686,3,85,False,223000,77690,118.0,5.0
687,1,18,False,109000,77600,36.0,0.0
688,7,140,False,419000,91820,302.0,5.0
689,3,66,False,173000,91390,352.0,0.0
690,4,79,False,359000,77174,180.0,5.0
691,3,55,False,153000,91100,313.0,0.0
692,4,72,False,219900,78570,191.0,0.0
693,4,77,False,315000,95460,515.0,0.0
694,4,58,False,165000,95130,517.0,0.0
695,2,52,False,440000,92100,383.0,0.0
696,4,89,False,199000,77350,109.0,0.0
697,5,162,False,910000,92700,390.0,4.0
698,6,121,False,429000,77580,62.0,5.0
699,5,115,False,435000,91390,352.0,5.0
700,3,57,False,397000,94400,488.0,5.0
701,2,50,False,415000,92130,396.0,0.0
702,5,98,False,279000,78330,223.0,0.0
703,7,150,False,450000,77310,145.0,5.0
704,2,44,False,176000,95800,501.0,0.0
705,5,138,False,399000,77580,62.0,5.0
706,4,83,False,365000,77090,55.0,5.0
707,6,141,False,216000,77260,78.0,5.0
708,3,75,False,525000,94550,456.0,5.0
709,3,60,False,179500,95130,517.0,0.0
710,5,102,False,570000,78800,236.0,5.0
711,3,62,False,329500,94400,488.0,0.0
712,2,41,False,170000,91310,349.0,0.0
713,5,78,False,259000,77640,95.0,5.0
714,3,55,False,690000,75018,17.0,0.0
715,6,162,False,500000,94440,482.0,5.0
716,4,97,False,929000,92100,383.0,0.0
717,4,61,False,125000,91670,290.0,5.0
718,6,190,False,239000,77320,77.0,5.0
719,6,147,False,645000,91320,378.0,5.0
720,6,174,False,495000,77200,164.0,5.0
721,6,156,False,517000,77260,78.0,5.0
722,6,260,False,710000,91700,361.0,5.0
723,3,64,False,143500,95100,490.0,0.0
724,2,45,False,396000,93170,416.0,0.0
725,5,112,False,748000,95250,492.0,5.0
726,3,62,False,800000,75010,9.0,0.0
727,11,354,False,1930000,77300,79.0,5.0
728,2,77,False,950000,75005,4.0,5.0
729,4,88,False,331000,94260,460.0,0.0
730,2,54,False,395000,75020,19.0,0.0
731,2,44,False,335000,75019,18.0,0.0
732,6,120,False,880000,92130,396.0,0.0
733,2,42,False,210000,92190,400.0,0.0
734,4,75,False,247000,77167,133.0,5.0
735,5,95,False,237000,77580,62.0,5.0
736,5,95,False,237000,77515,75.0,5.0
737,2,51,False,638000,75017,16.0,0.0
738,3,40,False,550000,75008,7.0,0.0
739,2,52,False,300000,75011,10.0,0.0
740,2,55,False,495000,75018,17.0,0.0
741,4,80,False,1155000,75014,13.0,0.0
742,4,88,False,1122000,75016,15.0,0.0
743,2,30,False,359000,75011,10.0,0.0
744,2,58,False,519000,75018,17.0,0.0
745,3,55,False,670000,75011,10.0,0.0
746,2,49,False,520000,75019,18.0,0.0
747,2,25,False,200000,75019,18.0,0.0
748,1,8,False,95000,75019,18.0,0.0
749,1,25,False,425000,75005,4.0,0.0
750,2,36,False,328000,75018,17.0,0.0
751,5,115,False,885000,94120,459.0,5.0
752,2,45,False,275000,92600,381.0,0.0
753,2,50,False,450000,92300,397.0,0.0
754,6,120,False,359500,77470,167.0,5.0
755,4,86,False,299500,77100,108.0,0.0
756,6,143,False,695000,78610,271.0,5.0
757,7,190,False,725000,78120,266.0,5.0
758,5,90,False,335800,95420,528.0,5.0
759,4,84,False,493500,77300,79.0,0.0
760,4,81,False,265000,77810,162.0,5.0
761,5,101,False,369500,92190,400.0,0.0
762,3,41,False,240000,94250,461.0,0.0
763,5,120,False,418000,94380,450.0,0.0
764,6,120,False,333000,94380,450.0,0.0
765,8,156,False,280000,77131,165.0,5.0
766,3,78,False,1700000,75007,6.0,0.0
767,3,63,False,618000,75012,11.0,0.0
768,1,15,False,290000,75004,3.0,0.0
769,2,52,False,484500,75013,12.0,0.0
770,1,21,False,204000,75018,17.0,0.0
771,3,73,False,887400,75011,10.0,0.0
772,2,44,False,157000,93700,424.0,0.0
773,3,65,False,495000,92130,396.0,0.0
774,2,38,False,135660,91150,321.0,0.0
775,1,20,False,202000,75013,12.0,0.0
776,5,115,False,680000,92430,399.0,0.0
777,4,130,False,2990000,75008,7.0,0.0
778,4,130,False,2990000,75008,7.0,5.0
779,7,200,False,7800000,75006,5.0,0.0
780,3,37,False,198090,95870,496.0,0.0
781,3,62,False,274000,94600,457.0,0.0
782,2,39,False,254400,92700,390.0,0.0
783,4,87,False,530250,92700,390.0,0.0
784,2,42,False,233200,92700,390.0,0.0
785,5,105,False,316500,95340,541.0,5.0
786,4,120,False,553850,78500,272.0,5.0
787,5,93,False,480000,78700,215.0,5.0
788,2,52,False,183900,78370,261.0,0.0
789,3,64,False,202000,78370,261.0,0.0
790,2,28,False,278000,75018,17.0,0.0
791,5,95,False,499000,94100,478.0,0.0
792,7,168,False,705000,94500,453.0,5.0
793,3,65,False,525000,92130,396.0,0.0
794,5,99,False,549000,94700,467.0,5.0
795,8,278,False,850000,78580,247.0,5.0
796,4,95,False,140000,77260,78.0,5.0
797,3,89,False,249000,77140,124.0,5.0
798,7,115,False,459000,95130,517.0,5.0
799,4,67,False,210000,94260,460.0,0.0
800,4,68,False,884000,75004,3.0,3.0
801,3,61,False,644000,75010,9.0,0.0
802,6,110,False,510000,95100,490.0,5.0
803,4,102,False,310000,91590,322.0,5.0
804,15,600,False,389000,78270,210.0,5.0
805,5,123,False,544000,92260,392.0,0.0
806,2,51,False,345000,92320,386.0,0.0
807,1,18,False,105000,77600,36.0,0.0
808,3,70,False,150000,91170,377.0,0.0
809,3,67,False,430000,94600,457.0,5.0
810,5,100,False,175000,77120,58.0,5.0
811,3,61,False,235000,93150,417.0,0.0
812,8,173,False,564000,77174,180.0,5.0
813,3,58,False,209475,78190,276.0,0.0
814,3,69,False,279000,78730,268.0,0.0
815,1,21,False,260000,75015,14.0,0.0
816,3,70,False,175000,91200,293.0,0.0
817,5,94,False,359000,95800,501.0,0.0
818,5,108,False,770000,92600,381.0,0.0
819,5,98,False,750000,78290,216.0,5.0
820,9,220,False,726000,78510,277.0,5.0
821,3,53,False,266000,94350,486.0,0.0
822,4,83,False,565000,92400,391.0,0.0
823,3,51,False,269000,94700,467.0,0.0
824,2,45,False,259000,94000,458.0,0.0
825,3,71,False,620000,78000,283.0,0.0
826,7,175,False,375000,91470,325.0,5.0
827,3,72,False,629000,92400,391.0,0.0
828,6,125,False,479000,77330,128.0,5.0
829,7,180,False,400000,78200,224.0,5.0
830,5,102,False,310000,91590,322.0,5.0
831,1,25,False,248000,75018,17.0,0.0
832,3,79,False,725000,92200,403.0,0.0
833,2,62,False,270000,78150,211.0,0.0
834,6,150,False,315000,77160,137.0,5.0
835,3,64,False,169000,91780,309.0,5.0
836,3,57,False,240000,94310,471.0,0.0
837,6,96,False,249000,77440,101.0,5.0
838,8,96,False,166000,77510,182.0,5.0
839,6,200,False,365000,77910,171.0,5.0
840,6,220,False,448000,78660,189.0,5.0
841,2,47,False,415000,75017,16.0,0.0
842,5,100,False,319000,95220,524.0,0.0
843,1,20,False,66000,78210,269.0,0.0
844,1,32,False,259000,92100,383.0,0.0
845,4,86,False,330000,78320,250.0,0.0
846,7,109,False,699000,92700,390.0,5.0
847,2,42,False,126000,78520,238.0,0.0
848,7,150,False,395000,77370,122.0,5.0
849,3,65,False,229990,95810,560.0,5.0
850,6,131,False,549990,95100,490.0,5.0
851,3,71,False,229990,95810,560.0,5.0
852,3,67,False,535000,93500,435.0,0.0
853,5,101,False,279000,95810,494.0,5.0
854,4,90,False,435000,78450,287.0,5.0
855,5,101,False,380000,94000,458.0,0.0
856,3,45,False,300000,94120,459.0,5.0
857,7,158,False,725000,93230,437.0,5.0
858,3,61,False,398000,92210,407.0,0.0
859,5,101,False,468000,93100,430.0,5.0
860,3,48,False,354000,92190,400.0,0.0
861,6,119,False,446000,91360,320.0,5.0
862,4,85,False,257000,95110,555.0,0.0
863,4,100,False,198500,78270,197.0,5.0
864,5,130,False,389000,95870,496.0,5.0
865,5,107,False,170000,77710,103.0,5.0
866,5,80,False,359000,77174,180.0,5.0
867,5,253,False,2750000,75010,9.0,0.0
868,3,64,False,199000,93220,426.0,0.0
869,6,130,False,399000,93220,426.0,0.0
870,6,135,False,622000,77150,98.0,5.0
871,10,160,False,290000,77320,77.0,5.0
872,10,160,False,430000,77320,77.0,5.0
873,4,115,False,416000,78550,235.0,5.0
874,3,50,False,325000,92000,402.0,0.0
875,4,100,False,330000,93190,428.0,5.0
876,6,138,False,250000,77520,69.0,5.0
877,4,83,False,319500,91700,361.0,5.0
878,5,110,False,495000,78380,198.0,0.0
879,2,48,False,490000,75015,14.0,0.0
880,7,120,False,530000,91360,320.0,5.0
881,4,100,False,240000,91150,311.0,5.0
882,3,58,False,420000,92170,411.0,0.0
883,4,81,False,376000,78300,262.0,3.0
884,5,102,False,446000,93160,433.0,5.0
885,5,84,False,398000,93200,439.0,5.0
886,12,230,False,997000,94400,488.0,5.0
887,6,160,False,1740000,92130,396.0,5.0
888,3,86,False,675000,75018,17.0,0.0
889,4,95,False,449900,93200,439.0,0.0
890,2,47,False,420000,92100,383.0,0.0
891,7,255,False,470000,78120,266.0,5.0
892,4,81,False,530000,78000,283.0,0.0
893,6,126,False,1275000,75011,10.0,0.0
894,9,160,False,1095000,78000,283.0,5.0
895,4,89,False,698000,75014,13.0,0.0
896,3,69,False,600000,92130,396.0,0.0
897,6,160,False,988000,92140,388.0,5.0
898,3,61,False,575000,92130,396.0,0.0
899,3,65,False,550000,92130,396.0,0.0
900,2,42,False,346000,92130,396.0,0.0
901,5,114,False,728000,92140,388.0,0.0
902,2,41,False,495000,92130,396.0,0.0
903,3,68,False,595000,92130,396.0,0.0
904,2,33,False,320000,92130,396.0,0.0
905,3,61,False,343000,78140,279.0,0.0
906,7,280,False,3400000,75013,12.0,5.0
907,4,72,False,975000,75017,16.0,0.0
908,1,24,False,250000,75017,16.0,0.0
909,1,36,False,264000,94120,459.0,0.0
910,2,46,False,257000,94170,473.0,0.0
911,2,45,False,138000,91100,313.0,3.0
912,2,36,False,208000,93160,433.0,3.0
913,5,98,False,412000,78160,246.0,0.0
914,5,121,False,468000,78160,246.0,0.0
915,4,66,False,198000,78160,246.0,0.0
916,1,21,False,195348,93360,431.0,0.0
917,3,67,False,220000,77186,126.0,0.0
918,5,80,False,329000,77820,47.0,5.0
919,5,232,False,849000,91360,375.0,5.0
920,5,146,False,475000,77166,74.0,5.0
921,6,180,False,288000,77620,71.0,5.0
922,4,88,False,670000,75014,13.0,0.0
923,5,95,False,275000,95640,529.0,5.0
924,7,195,False,499000,95470,516.0,5.0
925,4,72,False,535000,92250,394.0,5.0
926,1,28,False,300000,75013,12.0,0.0
927,4,74,False,199000,93800,425.0,0.0
928,4,78,False,267000,77100,108.0,0.0
929,2,46,False,185000,93170,416.0,0.0
930,4,100,False,224000,77260,78.0,5.0
931,4,74,False,249990,92600,381.0,0.0
932,2,37,False,117150,95300,544.0,0.0
933,6,139,False,599000,95740,518.0,5.0
934,2,45,False,452000,75015,14.0,0.0
935,2,43,False,232000,78300,262.0,0.0
936,3,73,False,680000,75020,19.0,0.0
937,6,196,False,948000,94400,488.0,5.0
938,6,134,False,798000,93100,430.0,0.0
939,2,49,False,255000,94400,488.0,0.0
940,1,10,False,129000,75016,15.0,0.0
941,8,180,False,465000,78890,229.0,5.0
942,2,56,False,187000,95000,501.0,0.0
943,1,30,False,210000,93170,416.0,0.0
944,4,88,False,670000,75020,19.0,4.0
945,3,69,False,598500,75012,11.0,0.0
946,3,61,False,390000,92340,384.0,0.0
947,6,110,False,285000,91590,308.0,5.0
948,7,145,False,395000,77690,118.0,5.0
949,5,102,False,175000,77510,139.0,5.0
950,6,116,False,489000,91560,314.0,5.0
951,1,22,False,164000,92270,382.0,0.0
952,1,18,False,219000,75015,14.0,0.0
953,4,77,False,780000,92300,397.0,0.0
954,2,50,False,225000,77360,169.0,0.0
955,3,83,False,1199000,75002,1.0,0.0
956,3,58,False,198000,95130,517.0,0.0
957,5,146,False,675000,94550,456.0,5.0
958,6,128,False,430000,95100,490.0,5.0
959,2,54,False,178000,77340,135.0,0.0
960,4,87,False,300000,95180,531.0,5.0
961,5,124,False,439000,91310,349.0,5.0
962,5,113,False,310000,91180,362.0,0.0
963,3,93,False,224000,77250,120.0,5.0
964,3,58,False,219900,91290,292.0,0.0
965,6,215,False,567000,77340,135.0,5.0
966,3,51,False,589000,75011,10.0,0.0
967,3,67,False,870000,75012,11.0,0.0
968,3,64,False,780000,75012,11.0,0.0
969,2,42,False,515000,75012,11.0,0.0
970,3,64,False,756000,75012,11.0,0.0
971,2,42,False,504000,75012,11.0,0.0
972,2,41,False,344000,75015,14.0,0.0
973,2,38,False,308000,75015,14.0,0.0
974,2,41,False,324500,75015,14.0,0.0
975,2,38,False,298700,75015,14.0,0.0
976,4,92,False,1190000,75020,19.0,0.0
977,3,73,False,758000,75018,17.0,0.0
978,6,165,False,1495000,78000,283.0,0.0
979,3,53,False,159000,91700,361.0,0.0
980,3,58,False,419000,92250,394.0,0.0
981,5,98,False,349000,91700,361.0,5.0
982,4,112,False,795000,94120,459.0,5.0
983,7,136,False,269000,77840,64.0,5.0
984,5,95,False,351200,95570,498.0,5.0
985,1,4,False,44900,75015,14.0,0.0
986,5,96,False,292000,93420,445.0,0.0
987,1,22,False,85000,91150,321.0,0.0
988,3,65,False,219000,95200,556.0,0.0
989,2,51,False,229000,78280,233.0,0.0
990,7,165,False,599000,91160,365.0,5.0
991,4,95,False,545000,93200,439.0,0.0
992,3,69,False,253000,94260,460.0,0.0
993,5,95,False,308000,78120,266.0,0.0
994,4,84,False,231500,77250,174.0,5.0
995,6,208,False,1795000,92120,401.0,5.0
996,2,50,False,530000,92100,383.0,0.0
997,7,160,False,455000,77190,65.0,5.0
998,3,65,False,335000,94490,472.0,5.0
999,6,110,False,229900,77130,146.0,5.0
1000,4,82,False,310000,94310,471.0,0.0
1001,2,50,False,175000,78330,223.0,0.0
1002,5,120,False,338000,77122,116.0,5.0
1003,4,92,False,285000,91100,313.0,5.0
1004,3,70,False,245000,77550,112.0,0.0
1005,2,40,False,169000,91600,366.0,0.0
1006,3,61,False,209000,78370,261.0,0.0
1007,5,98,False,355000,93110,438.0,5.0
1008,4,77,False,430000,92150,410.0,0.0
1009,6,130,False,465000,94310,471.0,5.0
1010,2,45,False,149000,78310,249.0,0.0
1011,5,90,False,399000,93600,415.0,5.0
1012,5,105,False,385000,77500,50.0,5.0
1013,6,130,False,395000,77690,118.0,5.0
1014,6,160,False,343000,77120,58.0,5.0
1015,9,170,False,496000,93270,441.0,5.0
1016,6,127,False,245000,78440,263.0,5.0
1017,5,88,False,340000,77500,50.0,5.0
1018,2,27,False,134000,78390,196.0,0.0
1019,10,187,False,670000,91430,330.0,5.0
1020,4,100,False,299000,95350,547.0,0.0
1021,2,45,False,315000,93400,440.0,0.0
1022,4,72,False,410000,92330,408.0,0.0
1023,5,114,False,380000,77950,147.0,5.0
1024,4,103,False,899000,92350,404.0,0.0
1025,3,72,False,230000,77860,57.0,5.0
1026,3,66,False,720000,92270,382.0,0.0
1027,5,88,False,549000,78400,209.0,5.0
1028,6,206,False,670000,95100,490.0,5.0
1029,5,81,False,798000,92300,397.0,0.0
1030,4,91,False,450000,78112,226.0,0.0
1031,2,42,False,175000,94470,449.0,3.0
1032,3,61,False,449000,93500,435.0,0.0
1033,3,65,False,339000,78150,211.0,0.0
1034,4,85,False,259990,77127,99.0,0.0
1035,3,53,False,178500,77400,163.0,0.0
1036,5,140,False,494000,78950,228.0,5.0
1037,2,42,False,329000,92350,404.0,0.0
1038,3,68,False,250000,94000,458.0,0.0
1039,6,134,False,390000,77190,65.0,5.0
1040,4,80,False,299000,78170,205.0,0.0
1041,5,171,False,242500,77510,91.0,5.0
1042,15,288,False,640000,78330,223.0,5.0
1043,2,55,False,595000,75015,14.0,0.0
1044,7,115,False,455000,77420,43.0,5.0
1045,5,120,False,497000,77700,59.0,5.0
1046,2,50,False,277000,78150,211.0,0.0
1047,7,154,False,635000,94400,488.0,5.0
1048,4,85,False,695000,94130,469.0,5.0
1049,7,135,False,315000,95130,517.0,0.0
1050,4,72,False,168000,95130,517.0,0.0
1051,3,63,False,147000,95130,517.0,0.0
1052,10,150,False,483000,92320,386.0,5.0
1053,6,150,False,525000,77230,151.0,5.0
1054,8,217,False,497000,91600,366.0,5.0
1055,4,76,False,603000,92100,383.0,0.0
1056,1,20,False,219000,75019,18.0,0.0
1057,8,170,False,629000,91280,364.0,5.0
1058,3,70,False,260000,95100,490.0,0.0
1059,4,100,False,189000,77660,44.0,5.0
1060,4,70,False,219000,77000,110.0,5.0
1061,3,65,False,181000,77000,110.0,0.0
1062,3,70,False,409000,78150,211.0,0.0
1063,4,114,False,439000,91140,374.0,5.0
1064,4,100,False,549500,91300,344.0,5.0
1065,3,59,False,299900,91300,344.0,0.0
1066,4,86,False,405000,91120,355.0,0.0
1067,6,125,False,630000,91120,355.0,5.0
1068,5,90,False,299000,91310,340.0,5.0
1069,4,79,False,465000,93230,437.0,0.0
1070,6,144,False,729000,93170,416.0,0.0
1071,7,120,False,609000,93170,416.0,5.0
1072,6,100,False,370000,95300,544.0,5.0
1073,4,87,False,620000,92140,388.0,0.0
1074,3,64,False,724500,75011,10.0,0.0
1075,4,73,False,275000,94240,462.0,0.0
1076,4,65,False,296800,94240,462.0,0.0
1077,4,86,False,330000,94240,462.0,0.0
1078,4,81,False,339500,91540,345.0,5.0
1079,5,90,False,365000,95320,550.0,5.0
1080,4,75,False,625000,92500,406.0,5.0
1081,4,89,False,314000,78700,215.0,5.0
1082,7,210,False,447900,95420,537.0,5.0
1083,3,61,False,265000,95610,513.0,0.0
1084,4,68,False,272000,92160,380.0,0.0
1085,2,40,False,249000,77164,76.0,0.0
1086,5,110,False,318000,91410,317.0,5.0
1087,4,91,False,339000,91410,317.0,0.0
1088,6,130,False,347000,91410,317.0,5.0
1089,3,65,False,619000,75013,12.0,0.0
1090,3,71,False,661500,92100,383.0,0.0
1091,4,70,False,395000,94120,459.0,0.0
1092,2,34,False,250000,94300,487.0,0.0
1093,5,91,False,357000,95490,561.0,5.0
1094,6,315,False,540000,95300,544.0,5.0
1095,4,97,False,349000,91300,344.0,0.0
1096,5,115,False,242300,91690,359.0,5.0
1097,6,170,False,595000,77200,164.0,5.0
1098,5,75,False,329000,94400,488.0,0.0
1099,5,76,False,280000,77390,176.0,5.0
1100,5,149,False,360000,77170,35.0,5.0
1101,8,193,False,469000,77170,35.0,5.0
1102,5,76,False,280000,77170,35.0,5.0
1103,3,41,False,540800,92300,397.0,0.0
1104,3,150,False,651000,93500,435.0,4.0
1105,7,220,False,140000,77260,78.0,5.0
1106,7,117,False,337000,77100,108.0,5.0
1107,7,143,False,374000,77230,151.0,5.0
1108,5,79,False,289999,95520,539.0,5.0
1109,4,69,False,235000,95310,552.0,0.0
1110,3,41,False,170000,77124,183.0,0.0
1111,4,73,False,540000,92600,381.0,0.0
1112,3,56,False,239900,93110,438.0,0.0
1113,3,70,False,739000,75016,15.0,0.0
1114,1,11,False,152500,75016,15.0,0.0
1115,4,75,False,255000,95000,501.0,0.0
1116,2,32,False,105050,78955,203.0,0.0
1117,4,83,False,165000,91670,290.0,5.0
1118,2,58,False,161120,93290,442.0,0.0
1119,4,73,False,272500,91200,293.0,0.0
1120,1,11,False,108500,92110,389.0,0.0
1121,7,230,False,1187000,93130,434.0,5.0
1122,4,80,False,235000,91160,339.0,0.0
1123,4,124,False,467000,91330,379.0,5.0
1124,7,160,False,429000,77930,148.0,5.0
1125,3,65,False,315000,95170,507.0,0.0
1126,14,600,False,1370000,77310,31.0,5.0
1127,1,17,False,113400,92400,391.0,0.0
1128,5,95,False,319000,77450,73.0,5.0
1129,7,259,False,990000,94000,458.0,5.0
1130,10,350,False,3200000,75020,19.0,5.0
1131,4,75,False,169000,91600,366.0,0.0
1132,3,92,False,230000,77350,30.0,0.0
1133,5,90,False,305000,91460,342.0,5.0
1134,2,45,False,175000,77170,35.0,0.0
1135,2,66,False,499000,93100,430.0,0.0
1136,1,17,False,210000,75015,14.0,0.0
1137,3,68,False,463500,94200,463.0,0.0
1138,8,281,False,1192000,77610,83.0,5.0
1139,3,69,False,249500,77600,94.0,0.0
1140,3,55,False,230000,91390,352.0,0.0
1141,3,65,False,198000,78190,276.0,0.0
1142,3,65,False,215000,78990,219.0,0.0
1143,2,34,False,195000,94170,473.0,0.0
1144,4,80,False,239900,78390,196.0,0.0
1145,4,73,False,179000,91700,361.0,0.0
1146,3,66,False,442000,94270,465.0,0.0
1147,6,117,False,332000,78950,228.0,5.0
1148,5,123,False,320000,91100,313.0,0.0
1149,3,82,False,208500,77660,150.0,5.0
1150,8,220,False,337000,77260,78.0,5.0
1151,2,46,False,399000,75020,19.0,0.0
1152,2,51,False,165000,78190,276.0,0.0
1153,3,68,False,530000,93500,435.0,0.0
1154,4,76,False,525000,92400,391.0,0.0
1155,2,56,False,390000,92320,386.0,0.0
1156,5,97,False,311000,95380,527.0,0.0
1157,1,22,False,98900,91260,333.0,0.0
1158,5,100,False,367000,95610,513.0,5.0
1159,3,70,False,188000,77130,38.0,0.0
1160,3,70,False,188000,77300,79.0,0.0
1161,5,115,False,299000,77670,177.0,5.0
1162,3,70,False,188000,77130,114.0,0.0
1163,4,81,False,439000,92700,390.0,0.0
1164,3,64,False,185000,78200,244.0,0.0
1165,8,154,False,325000,77250,120.0,5.0
1166,6,180,False,1287500,91430,330.0,5.0
1167,1,21,False,144000,75001,0.0,0.0
1168,1,12,False,109000,93400,440.0,0.0
1169,2,24,False,290000,75011,10.0,0.0
1170,3,73,False,375000,92420,412.0,0.0
1171,1,34,False,201000,91260,333.0,0.0
1172,4,80,False,220000,91160,339.0,0.0
1173,8,220,False,604200,91150,354.0,5.0
1174,6,135,False,169000,77160,137.0,5.0
1175,4,101,False,835000,75015,14.0,0.0
1176,2,59,False,235000,78100,270.0,0.0
1177,4,77,False,234000,93130,434.0,0.0
1178,2,47,False,249000,94320,481.0,0.0
1179,3,65,False,253900,78960,289.0,0.0
1180,4,110,False,409900,77380,56.0,5.0
1181,5,82,False,470000,95100,490.0,5.0
1182,1,29,False,129000,77400,97.0,0.0
1183,5,80,False,249900,78270,239.0,5.0
1184,2,59,False,225000,94500,453.0,0.0
1185,4,82,False,363000,93450,427.0,0.0
1186,3,64,False,598800,75020,19.0,0.0
1187,4,113,False,749000,78290,216.0,0.0
1188,9,250,False,1275000,78720,217.0,5.0
1189,2,37,False,169000,91290,292.0,0.0
1190,3,50,False,209000,93160,433.0,0.0
1191,3,65,False,380000,92250,394.0,0.0
1192,5,106,False,315000,91850,300.0,5.0
1193,9,171,False,415000,78440,225.0,5.0
1194,4,78,False,258000,93000,418.0,0.0
1195,7,140,False,383000,77100,123.0,5.0
1196,4,101,False,415000,95300,544.0,5.0
1197,7,160,False,749000,95600,509.0,5.0
1198,4,89,False,344600,95800,506.0,5.0
1199,4,90,False,378000,93700,424.0,5.0
1200,5,100,False,398000,77330,128.0,5.0
1201,4,85,False,219000,93140,419.0,0.0
1202,4,195,False,479000,77310,31.0,5.0
1203,1,14,False,195000,75016,15.0,0.0
1204,5,89,False,229000,95120,514.0,0.0
1205,5,113,False,263000,91100,313.0,0.0
1206,15,414,False,1856000,78460,212.0,5.0
1207,3,54,False,175000,91360,320.0,0.0
1208,1,35,False,340000,75020,19.0,0.0
1209,3,63,False,334000,77700,52.0,0.0
1211,6,122,False,350000,93420,445.0,5.0
1212,3,42,False,180000,91380,312.0,5.0
1213,7,131,False,520000,77370,122.0,5.0
1214,6,156,False,283500,91670,290.0,5.0
1215,6,160,False,499662,95220,524.0,5.0
1216,3,63,False,471000,92100,383.0,0.0
1217,1,16,False,85000,94600,457.0,0.0
1218,3,65,False,279000,93110,438.0,0.0
1219,2,39,False,490000,75003,2.0,4.0
1220,8,208,False,496000,78440,263.0,5.0
1221,7,152,False,676000,93200,439.0,5.0
1222,3,73,False,885000,75003,2.0,0.0
1223,6,104,False,389000,77310,31.0,5.0
1224,6,111,False,310000,93110,438.0,0.0
1225,2,35,False,129500,77000,110.0,0.0
1226,5,94,False,549000,91300,344.0,0.0
1227,4,84,False,210000,95320,550.0,0.0
1228,1,40,False,383000,75017,16.0,0.0
1229,1,25,False,215000,75019,18.0,0.0
1230,10,189,False,675000,93150,417.0,5.0
1231,4,110,False,615000,94240,462.0,5.0
1232,3,64,False,379000,92140,388.0,0.0
1233,5,81,False,346900,95380,564.0,5.0
1234,2,36,False,349900,75014,13.0,0.0
1235,3,67,False,550000,75015,14.0,0.0
1236,3,55,False,399000,92270,382.0,0.0
1237,3,46,False,359000,92600,381.0,0.0
1238,1,26,False,189000,92270,382.0,0.0
1239,2,40,False,305950,92110,389.0,0.0
1240,2,33,False,325000,75012,11.0,0.0
1241,4,82,False,319500,93150,417.0,0.0
1242,5,130,False,428000,78955,203.0,5.0
1243,6,105,False,398000,78540,281.0,5.0
1244,2,68,False,82000,77140,68.0,2.0
1245,4,101,False,286000,77370,122.0,5.0
1246,3,56,False,280000,91200,293.0,0.0
1247,4,120,False,589000,93360,431.0,5.0
1248,2,44,False,183000,93700,424.0,0.0
1249,4,81,False,215000,93200,439.0,0.0
1250,6,145,False,305000,77240,40.0,5.0
1251,4,90,False,359000,77410,54.0,0.0
1252,3,58,False,228000,91240,363.0,0.0
1253,5,85,False,290000,77380,56.0,5.0
1254,3,175,False,389000,91540,324.0,5.0
1255,5,150,False,349000,91540,324.0,5.0
1256,3,63,False,289000,95120,514.0,0.0
1257,1,38,False,379000,75018,17.0,0.0
1258,4,88,False,329000,91420,350.0,5.0
1259,4,77,False,215700,77400,97.0,0.0
1260,5,84,False,549000,92110,389.0,0.0
1261,2,30,False,349000,75018,17.0,0.0
1262,4,110,False,399000,91390,352.0,5.0
1263,2,28,False,450000,75007,6.0,0.0
1264,6,149,False,1215000,92700,390.0,5.0
1265,8,200,False,389000,77120,58.0,5.0
1266,3,51,False,209000,93000,418.0,0.0
1267,3,57,False,224400,94600,457.0,0.0
1268,4,96,False,375000,77470,85.0,5.0
1269,5,111,False,359000,91710,369.0,5.0
1270,7,242,False,331000,91150,321.0,5.0
1271,4,73,False,199000,78270,197.0,0.0
1272,6,110,False,896000,92240,398.0,5.0
1273,2,56,False,169900,94350,486.0,0.0
1274,5,105,False,895000,78150,211.0,0.0
1275,3,63,False,419000,92370,387.0,0.0
1276,4,80,False,249500,91390,352.0,0.0
1277,3,60,False,218000,95540,533.0,5.0
1278,4,91,False,430000,91700,361.0,5.0
1279,5,160,False,420000,77860,138.0,5.0
1280,2,25,False,260000,78220,288.0,0.0
1281,6,140,False,414000,91310,336.0,5.0
1282,5,96,False,454000,94130,469.0,0.0
1283,5,150,False,499000,94500,453.0,5.0
1284,3,64,False,321000,91300,344.0,0.0
1285,6,87,False,467000,78930,231.0,5.0
1286,3,72,False,570000,92400,391.0,0.0
1287,4,105,False,333000,77123,127.0,5.0
1288,3,53,False,425500,94100,478.0,0.0
1289,4,71,False,405000,77700,159.0,0.0
1290,3,70,False,557000,78120,266.0,5.0
1291,5,114,False,449000,77420,43.0,5.0
1292,8,168,False,340000,77320,77.0,5.0
1293,2,43,False,178000,95230,558.0,0.0
1294,7,187,False,910000,77700,52.0,5.0
1295,4,83,False,285000,77390,21.0,5.0
1296,4,70,False,420000,95530,519.0,5.0
1297,8,170,False,430000,77540,143.0,5.0
1298,5,96,False,298000,95110,555.0,0.0
1299,7,170,False,580000,91630,335.0,5.0
1300,5,134,False,328000,78450,287.0,5.0
1301,6,137,False,883000,78420,204.0,5.0
1302,5,90,False,229500,95460,515.0,0.0
1303,3,70,False,168000,77540,143.0,5.0
1304,4,71,False,350000,77400,97.0,5.0
1305,3,59,False,411000,92410,413.0,0.0
1306,4,82,False,265000,91410,317.0,0.0
1307,6,220,False,445000,77540,60.0,5.0
1308,2,26,False,135000,95210,549.0,0.0
1309,3,65,False,240000,77169,32.0,5.0
1310,3,81,False,760000,75015,14.0,0.0
1311,6,130,False,292000,77270,184.0,5.0
1312,7,171,False,550000,77410,54.0,5.0
1313,3,63,False,315000,92160,380.0,0.0
1314,3,65,False,179000,77176,156.0,0.0
1315,5,140,False,279000,91720,341.0,5.0
1316,5,140,False,279000,91490,347.0,5.0
1317,6,155,False,322500,77230,96.0,5.0
1318,1,16,False,119000,95160,535.0,0.0
1319,2,58,False,285000,93360,431.0,5.0
1320,6,130,False,340000,77165,93.0,5.0
1321,4,115,False,315000,77127,99.0,5.0
1322,2,52,False,340000,78150,211.0,0.0
1323,4,100,False,835000,94100,478.0,5.0
1324,2,46,False,219000,77340,135.0,0.0
1325,4,83,False,289000,91220,303.0,5.0
1326,3,62,False,205000,78840,227.0,0.0
1327,4,101,False,375000,78120,213.0,5.0
1328,3,59,False,185000,91150,321.0,5.0
1329,5,106,False,303000,91090,338.0,5.0
1330,5,180,False,599000,78510,277.0,5.0
1331,4,102,False,369000,95520,539.0,5.0
1332,3,45,False,479000,75009,8.0,0.0
1333,5,94,False,289000,91710,369.0,5.0
1334,6,123,False,830000,92140,388.0,5.0
1335,4,74,False,495000,78500,272.0,5.0
1336,6,104,False,199000,91410,317.0,5.0
1337,3,50,False,167500,77230,181.0,5.0
1339,7,172,False,640000,77330,128.0,5.0
1340,4,80,False,299900,95100,490.0,0.0
1341,6,123,False,370000,78440,232.0,5.0
1342,5,106,False,698000,75019,18.0,0.0
1343,4,100,False,700000,92000,402.0,5.0
1344,4,90,False,379000,78500,272.0,5.0
1345,4,79,False,282000,95100,490.0,0.0
1346,7,130,False,499000,93250,444.0,5.0
1347,3,63,False,499900,92800,405.0,0.0
1348,4,82,False,210000,77130,114.0,0.0
1349,3,68,False,185000,91860,319.0,0.0
1350,6,115,False,475000,77124,131.0,5.0
1351,4,107,False,800000,92400,391.0,0.0
1352,3,56,False,219000,95150,559.0,0.0
1353,4,85,False,454000,93200,439.0,5.0
1354,6,98,False,300000,78200,242.0,5.0
1355,3,67,False,250000,77410,54.0,5.0
1356,4,93,False,695000,92500,406.0,5.0
1357,4,80,False,269000,78570,208.0,5.0
1358,3,70,False,429500,94170,473.0,0.0
1359,5,120,False,378000,77230,66.0,5.0
1360,4,82,False,315000,93150,417.0,0.0
1361,3,59,False,215000,91560,314.0,0.0
1362,5,145,False,428000,91170,377.0,5.0
1363,1,31,False,136000,91360,320.0,0.0
1364,3,65,False,325000,94320,481.0,0.0
1365,7,145,False,437000,91290,292.0,5.0
1366,4,85,False,427500,93110,438.0,5.0
1367,2,42,False,229000,77600,36.0,0.0
1368,5,106,False,235000,77460,160.0,5.0
1369,6,183,False,213000,77760,37.0,5.0
1370,4,69,False,339000,94600,457.0,0.0
1371,5,100,False,805000,92000,402.0,5.0
1372,4,53,False,202000,93200,439.0,5.0
1373,3,61,False,239999,77680,142.0,0.0
1374,5,80,False,220500,78550,235.0,5.0
1375,6,144,False,900000,92700,390.0,5.0
1376,2,35,False,207500,92700,390.0,0.0
1377,6,220,False,470000,77860,149.0,5.0
1378,6,220,False,470000,77700,105.0,5.0
1379,4,78,False,232000,95600,509.0,0.0
1380,4,90,False,359000,78300,262.0,0.0
1381,5,82,False,432000,78150,211.0,0.0
1382,6,100,False,480000,95230,558.0,5.0
1383,8,143,False,579000,95550,495.0,5.0
1384,4,90,False,370000,95220,524.0,5.0
1385,3,63,False,129000,77160,137.0,0.0
1386,3,58,False,129000,77160,137.0,3.0
1387,3,69,False,310000,93100,430.0,0.0
1388,3,60,False,229000,77100,108.0,5.0
1389,2,38,False,283000,92140,388.0,0.0
1390,3,62,False,395000,92140,388.0,0.0
1391,3,67,False,519000,92400,391.0,0.0
1392,2,54,False,249000,78150,211.0,0.0
1393,6,166,False,588000,77260,78.0,7.0
1394,4,95,False,166000,77260,78.0,5.0
1395,7,175,False,230000,77260,78.0,5.0
1396,3,60,False,230000,77390,63.0,5.0
1397,3,53,False,115000,77210,23.0,0.0
1398,9,135,False,339000,77310,145.0,5.0
1399,3,60,False,370000,94100,478.0,0.0
1400,3,85,False,215000,77680,142.0,0.0
1401,2,38,False,175000,78540,281.0,0.0
1402,4,71,False,549000,92140,388.0,5.0
1403,6,215,False,967000,78630,254.0,5.0
1404,3,56,False,135000,91180,362.0,0.0
1405,3,65,False,399000,75013,12.0,0.0
1406,4,80,False,339000,94350,486.0,0.0
1407,6,127,False,1077000,92500,406.0,5.0
1408,2,38,False,159600,78740,278.0,0.0
1410,1,26,False,571650,75002,1.0,0.0
1411,4,85,False,158000,77100,108.0,0.0
1412,2,55,False,293000,78150,211.0,0.0
1413,2,40,False,126900,78520,238.0,0.0
1414,3,48,False,235000,93110,438.0,0.0
1415,5,89,False,353600,77176,156.0,5.0
1416,9,221,False,725000,78720,206.0,5.0
1417,2,32,False,230000,94270,465.0,0.0
1418,1,40,False,310000,92400,391.0,0.0
1419,4,93,False,580000,92320,386.0,0.0
1420,4,101,False,644000,78000,283.0,0.0
1421,4,80,False,198900,95610,513.0,0.0
1422,3,69,False,550000,75019,18.0,0.0
1423,4,90,False,259500,95710,499.0,5.0
1424,2,61,False,575000,75018,17.0,0.0
1425,3,76,False,405000,94100,478.0,0.0
1426,8,115,False,520000,94800,483.0,5.0
1427,2,37,False,229000,92500,406.0,0.0
1428,2,43,False,219000,78150,211.0,0.0
1429,2,45,False,189000,93340,436.0,0.0
1430,7,146,False,298000,77190,65.0,5.0
1431,2,56,False,112000,77260,78.0,5.0
1433,2,46,False,160000,93130,434.0,0.0
1434,5,80,False,549000,92110,389.0,0.0
1435,3,74,False,284500,95520,539.0,5.0
1436,6,105,False,385000,77500,50.0,5.0
1437,4,93,False,294000,93370,429.0,5.0
1438,4,63,False,165000,91200,293.0,0.0
1439,12,220,False,1460000,91120,355.0,5.0
1440,3,31,False,55000,77260,78.0,5.0
1441,5,100,False,1250000,92200,403.0,0.0
1442,4,72,False,165000,95300,544.0,0.0
1443,3,64,False,346000,92320,386.0,0.0
1444,5,120,False,429000,94260,460.0,5.0
1445,3,54,False,229000,78540,281.0,3.0
1446,1,28,False,299000,75018,17.0,0.0
1447,2,43,False,320000,92160,380.0,0.0
1448,6,220,False,379000,77140,124.0,5.0
1449,2,60,False,195000,91410,317.0,0.0
1450,4,67,False,239000,78160,246.0,0.0
1451,6,103,False,333000,93270,441.0,5.0
1452,5,103,False,350000,95100,490.0,5.0
1453,2,38,False,109500,77540,143.0,3.0
1454,8,110,False,420000,91600,366.0,5.0
1455,8,125,False,208900,95770,548.0,5.0
1456,7,160,False,554200,95640,529.0,5.0
1457,8,223,False,595000,95420,528.0,7.0
1458,6,105,False,263000,95780,545.0,5.0
1459,2,43,False,199500,77400,97.0,0.0
1460,3,140,False,659000,77400,97.0,5.0
1461,3,84,False,315000,77410,84.0,5.0
1463,2,43,False,630000,75008,7.0,0.0
1464,2,21,False,330000,75017,16.0,0.0
1465,1,11,False,180000,75017,16.0,0.0
1466,6,170,False,1960000,75016,15.0,0.0
1467,2,21,False,330000,75008,7.0,0.0
1468,3,67,False,750000,75017,16.0,0.0
1469,8,140,False,619000,94490,472.0,5.0
1470,2,28,False,182000,93250,444.0,0.0
1471,5,89,False,279000,91300,344.0,0.0
1472,2,43,False,200000,91120,355.0,0.0
1473,3,57,False,345000,93230,437.0,0.0
1474,4,96,False,755000,93100,430.0,5.0
1475,3,61,False,380000,93100,430.0,0.0
1476,2,45,False,390000,75020,19.0,0.0
1477,5,94,False,348000,94320,481.0,0.0
1478,7,158,False,645000,94240,462.0,5.0
1479,1,26,False,89000,91610,295.0,0.0
1480,5,90,False,454500,78390,196.0,5.0
1482,2,38,False,199000,92140,388.0,0.0
1483,3,91,False,710000,92350,404.0,5.0
1484,3,68,False,787500,75015,14.0,0.0
1485,4,80,False,260000,77360,169.0,5.0
1486,6,125,False,299000,77140,113.0,5.0
1487,5,125,False,462000,77140,124.0,5.0
1488,3,57,False,284000,93300,414.0,0.0
1489,4,66,False,595000,94170,473.0,5.0
1490,4,70,False,500000,94300,487.0,0.0
1491,4,86,False,600000,94130,469.0,0.0
1492,3,64,False,385000,94170,473.0,0.0
1493,4,72,False,376000,92160,380.0,0.0
1494,3,45,False,170000,93350,420.0,0.0
1495,3,63,False,455000,94700,467.0,0.0
1496,4,88,False,256000,94000,458.0,0.0
1497,4,100,False,395000,94500,453.0,5.0
1498,1,19,False,133000,94220,454.0,0.0
1499,2,30,False,195000,94220,454.0,0.0
1500,3,56,False,426000,94130,469.0,0.0
1501,3,58,False,158000,94450,466.0,0.0
1502,7,190,False,549500,77173,53.0,5.0
1503,1,31,False,150000,95000,501.0,0.0
1504,5,101,False,660000,92290,385.0,0.0
1505,4,80,False,478800,78240,207.0,0.0
1506,7,128,False,364035,91150,351.0,5.0
1507,4,78,False,282000,91300,344.0,0.0
1508,6,165,False,720000,77600,36.0,5.0
1509,2,47,False,191200,77600,36.0,0.0
1510,8,180,False,711200,77144,115.0,5.0
1511,4,77,False,259700,91600,366.0,0.0
1512,3,66,False,229500,91600,366.0,0.0
1513,4,64,False,135000,91600,366.0,0.0
1514,4,63,False,169000,91390,352.0,0.0
1515,3,72,False,239900,91210,318.0,0.0
1516,7,128,False,1300000,92500,406.0,5.0
1517,4,70,False,242650,77100,108.0,5.0
1518,2,41,False,184990,77100,108.0,0.0
1519,7,138,False,339900,95280,526.0,5.0
1520,5,93,False,336000,95180,531.0,5.0
1521,3,67,False,197400,95000,501.0,0.0
1522,5,100,False,695000,93100,430.0,0.0
1523,3,89,False,794200,92600,381.0,0.0
1524,3,67,False,451000,92290,385.0,0.0
1525,2,37,False,168500,91850,300.0,5.0
1526,2,50,False,385000,92290,385.0,0.0
1527,5,140,False,700000,78590,256.0,5.0
1528,3,73,False,511000,92290,385.0,0.0
1529,4,78,False,385000,78540,281.0,0.0
1530,4,117,False,695000,75013,12.0,0.0
1531,4,162,False,499990,93600,415.0,5.0
1532,3,52,False,179000,77100,108.0,0.0
1533,2,42,False,185000,77300,79.0,0.0
1534,4,80,False,319000,95870,496.0,0.0
1535,2,53,False,690000,75001,0.0,0.0
1536,2,35,False,430000,75002,1.0,0.0
1537,1,34,False,545000,75005,4.0,0.0
1538,3,75,False,236000,95220,524.0,0.0
1539,5,200,False,3350000,75001,0.0,0.0
1540,4,89,False,815000,75018,17.0,0.0
1541,4,88,False,521000,94800,483.0,0.0
1542,4,79,False,385000,94350,486.0,0.0
1543,2,40,False,268000,93160,433.0,0.0
1544,2,39,False,473800,75018,17.0,0.0
1545,4,88,False,1190000,75018,17.0,0.0
1546,5,158,False,1735000,94120,459.0,5.0
1547,5,92,False,372000,91290,292.0,0.0
1548,6,180,False,700000,95290,525.0,5.0
1549,4,88,False,1290000,75018,17.0,0.0
1550,2,26,False,613000,75002,1.0,0.0
1551,7,200,False,3650000,75007,6.0,0.0
1552,6,136,False,365000,91100,371.0,5.0
1553,3,59,False,249000,92290,385.0,0.0
1555,3,75,False,860000,75019,18.0,0.0
1556,3,46,False,180400,77000,110.0,0.0
1557,3,65,False,353000,77700,52.0,0.0
1558,7,213,False,599000,95650,497.0,5.0
1559,2,43,False,255000,94420,474.0,0.0
1560,3,57,False,235000,91800,305.0,0.0
1561,4,75,False,276000,77166,88.0,5.0
1562,8,310,False,680000,77390,129.0,5.0
1563,7,135,False,315000,78540,281.0,5.0
1564,6,183,False,360000,78270,285.0,5.0
1565,2,33,False,162000,93300,414.0,0.0
1566,2,30,False,464500,75008,7.0,0.0
1567,1,26,False,116000,78310,249.0,0.0
1568,6,125,False,439000,93150,417.0,5.0
1569,4,105,False,350000,77200,164.0,5.0
1570,2,47,False,147000,91100,313.0,0.0
1571,4,78,False,875000,75017,16.0,0.0
1572,3,67,False,259000,77860,149.0,0.0
1573,4,83,False,147500,77260,78.0,5.0
1574,3,53,False,397075,92120,401.0,0.0
1575,3,55,False,182000,93190,428.0,0.0
1576,4,157,False,269000,91780,309.0,5.0
1577,3,64,False,319000,78620,220.0,0.0
1578,3,74,False,216000,95460,515.0,0.0
1579,2,59,False,169000,91420,350.0,0.0
1580,2,28,False,238500,92250,394.0,0.0
1581,3,71,False,865000,75011,10.0,0.0
1582,7,155,False,380000,91590,298.0,5.0
1583,6,110,False,329000,77850,90.0,5.0
1584,2,54,False,410000,93100,430.0,0.0
1585,4,74,False,287000,77700,25.0,0.0
1586,3,72,False,249000,78550,235.0,5.0
1587,4,85,False,244000,91300,344.0,0.0
1588,4,66,False,125000,91350,328.0,0.0
1589,2,31,False,58000,91350,328.0,0.0
1590,5,129,False,1650000,92200,403.0,0.0
1591,1,34,False,178500,78300,262.0,0.0
1592,4,87,False,850000,75015,14.0,0.0
1593,9,200,False,730000,95290,525.0,5.0
1594,1,19,False,92500,91300,344.0,0.0
1595,5,108,False,353000,77178,152.0,5.0
1596,5,100,False,299000,91300,344.0,0.0
1597,5,97,False,199000,93290,442.0,0.0
1598,8,170,False,649000,78300,262.0,5.0
1599,3,82,False,125000,77120,153.0,5.0
1600,7,200,False,509900,77590,81.0,5.0
1601,2,52,False,540800,75019,18.0,0.0
1602,4,80,False,486300,78160,246.0,0.0
1603,4,87,False,220000,91860,319.0,0.0
1604,4,121,False,1299000,75010,9.0,4.0
1605,3,53,False,475000,75014,13.0,0.0
1606,8,300,False,726200,77480,80.0,6.0
1607,3,44,False,795000,75005,4.0,0.0
1608,2,52,False,561600,75019,18.0,0.0
1609,5,120,False,488800,93600,415.0,5.0
1610,3,72,False,185000,91100,313.0,0.0
1611,4,80,False,259000,94000,458.0,0.0
1612,3,65,False,169000,93110,438.0,0.0
1613,3,68,False,289000,93110,438.0,0.0
1614,1,47,False,525000,75012,11.0,0.0
1615,3,66,False,260000,93170,416.0,0.0
1616,4,77,False,365000,78390,196.0,0.0
1617,12,255,False,710000,77000,173.0,5.0
1618,5,136,False,956000,92140,388.0,0.0
1619,2,50,False,629000,75012,11.0,0.0
1620,15,2200,False,954000,77640,95.0,7.0
1621,1,22,False,77000,93120,423.0,0.0
1622,4,112,False,370000,94480,446.0,5.0
1623,7,160,False,832000,92140,388.0,0.0
1624,5,82,False,698000,92100,383.0,0.0
1625,3,91,False,890000,75010,9.0,0.0
1626,5,112,False,346000,91420,350.0,5.0
1627,5,96,False,350000,78800,236.0,0.0
1628,6,119,False,485000,94490,472.0,5.0
1629,2,35,False,120000,91290,292.0,0.0
1631,4,56,False,116600,77140,68.0,5.0
1632,3,58,False,199000,95100,490.0,0.0
1633,7,260,False,739000,94480,446.0,5.0
1634,15,370,False,1390000,95170,507.0,5.0
1635,3,70,False,362000,92600,381.0,0.0
1636,3,67,False,240000,77420,43.0,0.0
1637,3,63,False,241000,94320,481.0,0.0
1638,7,240,False,775000,95660,502.0,5.0
1639,3,73,False,190000,93190,428.0,0.0
1640,7,132,False,1170000,78400,209.0,5.0
1641,8,153,False,649000,91460,342.0,5.0
1642,6,118,False,468000,93150,417.0,5.0
1643,2,52,False,650000,75003,2.0,0.0
1644,4,93,False,889000,78000,283.0,0.0
1645,5,116,False,1130000,78000,283.0,0.0
1646,5,109,False,1090000,78000,283.0,0.0
1647,4,86,False,822000,78000,283.0,0.0
1648,8,225,False,1499000,78630,259.0,5.0
1649,6,111,False,639000,93400,440.0,5.0
1650,3,51,False,346500,92270,382.0,0.0
1651,4,71,False,364000,94800,483.0,0.0
1652,8,240,False,795000,77170,35.0,7.0
1653,4,132,False,3400000,75007,6.0,0.0
1654,3,125,False,725388,95100,490.0,5.0
1655,7,160,False,447000,77260,78.0,5.0
1656,3,79,False,233200,93800,425.0,0.0
1657,10,380,False,3100000,92150,410.0,5.0
1658,6,130,False,459000,91390,352.0,5.0
1659,8,300,False,148000,77260,78.0,5.0
1660,12,360,False,1565000,95450,504.0,5.0
1661,6,120,False,419800,91270,370.0,5.0
1662,5,100,False,335000,95220,524.0,0.0
1663,4,85,False,810000,75010,9.0,0.0
1664,3,61,False,1460000,75007,6.0,0.0
1665,4,91,False,379000,78280,233.0,0.0
1666,6,110,False,415000,95100,490.0,5.0
1667,5,100,False,355000,95470,554.0,5.0
1668,5,106,False,1105000,78000,283.0,0.0
1669,4,100,False,205000,77730,144.0,5.0
1670,15,355,False,890000,77250,174.0,5.0
1671,2,24,False,137000,78910,258.0,0.0
1672,3,70,False,388000,94380,450.0,5.0
1673,3,61,False,489000,92110,389.0,0.0
1674,3,48,False,210000,93150,417.0,0.0
1675,3,67,False,438500,75013,12.0,0.0
1676,3,42,False,285000,92270,382.0,0.0
1677,2,45,False,210000,94290,484.0,0.0
1678,10,225,False,499000,77260,78.0,5.0
1679,2,45,False,442500,92100,383.0,0.0
1680,4,153,False,885000,92600,381.0,4.0
1681,4,83,False,460000,78400,209.0,0.0
1682,6,136,False,515000,95100,490.0,5.0
1683,5,82,False,239000,78660,189.0,5.0
1684,3,67,False,279900,91200,293.0,0.0
1685,2,69,False,122000,77520,69.0,0.0
1686,4,120,False,172000,77370,122.0,5.0
1687,4,67,False,430000,92170,411.0,0.0
1688,8,220,False,364500,77515,134.0,5.0
1689,1,26,False,99900,78940,265.0,0.0
1690,4,80,False,209000,91860,319.0,0.0
1691,8,240,False,619000,77310,145.0,5.0
1692,2,30,False,254400,94800,483.0,0.0
1693,6,188,False,780000,92230,395.0,5.0
1694,7,245,False,2235000,78600,243.0,5.0
1695,5,96,False,291000,94320,481.0,0.0
1696,5,95,False,399000,93250,444.0,5.0
1697,6,168,False,360000,91670,290.0,5.0
1698,1,16,False,66000,91790,299.0,0.0
1699,4,86,False,716000,75019,18.0,0.0
1700,5,120,False,690000,78630,259.0,5.0
1701,3,70,False,399900,94270,465.0,0.0
1702,5,116,False,461500,95000,501.0,5.0
1703,5,108,False,499200,94500,453.0,5.0
1704,6,168,False,349000,78930,199.0,5.0
1705,7,147,False,319000,77690,118.0,0.0
1706,4,78,False,339900,78480,280.0,0.0
1707,1,25,False,85000,77390,89.0,0.0
1708,4,81,False,425000,77700,159.0,5.0
1709,4,105,False,246000,91720,327.0,5.0
1710,4,73,False,218500,95140,520.0,0.0
1711,3,40,False,180000,91380,312.0,3.0
1712,5,119,False,1045000,94100,478.0,5.0
1713,3,68,False,438000,94100,478.0,0.0
1714,9,150,False,720000,95870,496.0,5.0
1715,2,27,False,155000,95000,501.0,0.0
1716,4,62,False,409000,94140,447.0,0.0
1717,3,86,False,219999,78200,274.0,5.0
1718,8,180,False,659000,95130,543.0,5.0
1719,3,62,False,679000,92170,411.0,0.0
1720,3,67,False,232000,78260,190.0,0.0
1721,4,85,False,939000,92170,411.0,0.0
1722,4,93,False,269000,94000,458.0,0.0
1723,2,46,False,139500,77310,145.0,0.0
1724,1,30,False,129000,78120,266.0,0.0
1725,2,39,False,146000,95340,541.0,0.0
1726,5,94,False,151200,77160,137.0,5.0
1727,2,42,False,129900,78920,218.0,0.0
1728,3,61,False,298000,92230,395.0,0.0
1729,5,93,False,99000,77320,27.0,5.0
1730,1,17,False,78000,93200,439.0,0.0
1731,1,27,False,110000,93600,415.0,0.0
1732,8,249,False,399000,77140,124.0,5.0
1733,5,115,False,805000,94800,483.0,0.0
1734,2,28,False,343750,75018,17.0,0.0
1735,3,69,False,449000,75013,12.0,0.0
1736,5,108,False,969000,78400,209.0,0.0
1737,4,79,False,501300,78160,246.0,0.0
1738,2,33,False,95500,77480,154.0,2.0
1739,4,80,False,230945,93300,414.0,0.0
1740,4,87,False,849000,92100,383.0,0.0
1741,5,107,False,868000,78400,209.0,0.0
1742,3,70,False,341500,94400,488.0,0.0
1743,1,26,False,25000,77710,130.0,5.0
1744,4,79,False,476700,78160,246.0,0.0
1745,4,77,False,442000,92160,380.0,0.0
1746,2,54,False,218000,94400,488.0,0.0
1747,3,70,False,535000,95880,511.0,0.0
1748,3,64,False,345000,94150,476.0,0.0
1749,4,89,False,382000,94510,475.0,0.0
1750,1,19,False,102000,92600,381.0,0.0
1751,4,83,False,284000,91590,322.0,0.0
1752,5,102,False,574000,94150,476.0,5.0
1753,3,65,False,381000,93250,444.0,0.0
1754,2,57,False,444000,95880,511.0,0.0
1755,1,24,False,255000,75012,11.0,0.0
1756,8,180,False,559000,95450,546.0,5.0
1757,4,104,False,815000,92290,385.0,0.0
1758,3,47,False,400000,75020,19.0,0.0
1759,3,66,False,463000,92290,385.0,0.0
1760,7,206,False,530000,78440,225.0,5.0
1761,3,66,False,395000,95240,505.0,0.0
1762,3,62,False,237375,95490,561.0,0.0
1763,5,107,False,542500,91300,344.0,0.0
1764,7,220,False,1285000,78490,253.0,5.0
1765,2,34,False,233000,92120,401.0,0.0
1766,3,68,False,399000,95240,505.0,0.0
1768,4,89,False,658000,92290,385.0,0.0
1769,3,53,False,380000,93500,435.0,0.0
1770,6,100,False,304000,95810,522.0,5.0
1771,2,44,False,296000,92600,381.0,0.0
1772,2,41,False,262000,92600,381.0,0.0
1773,3,59,False,620000,75018,17.0,0.0
1774,2,47,False,400000,92100,383.0,0.0
1775,4,88,False,600000,94250,461.0,3.0
1776,3,75,False,680000,92300,397.0,0.0
1777,4,94,False,909000,92130,396.0,0.0
1778,5,108,False,1097000,92130,396.0,0.0
1779,3,78,False,497280,92500,406.0,0.0
1780,4,89,False,235000,95640,529.0,5.0
1781,3,138,False,350000,78540,281.0,5.0
1782,3,57,False,186000,91700,323.0,0.0
1783,3,56,False,840000,75006,5.0,0.0
1784,2,52,False,374500,93100,430.0,0.0
1785,5,87,False,279000,93110,438.0,0.0
1786,5,153,False,1690000,75116,15.0,0.0
1787,1,34,False,165000,92190,400.0,0.0
1788,2,46,False,330000,92600,381.0,0.0
1789,2,51,False,285000,78100,270.0,0.0
1790,3,83,False,940000,75011,10.0,4.0
1791,1,15,False,179500,75018,17.0,0.0
1793,1,23,False,103500,95100,490.0,0.0
1794,1,33,False,274000,92140,388.0,0.0
1795,4,83,False,415000,93200,439.0,0.0
1796,1,20,False,138000,78150,211.0,0.0
1797,3,64,False,495000,92600,381.0,0.0
1798,3,51,False,385000,92110,389.0,0.0
1799,5,130,False,158000,91670,290.0,5.0
1800,2,38,False,425000,75015,14.0,0.0
1801,3,77,False,490000,92500,406.0,0.0
1802,3,60,False,225000,93700,424.0,0.0
1803,3,70,False,884000,75011,10.0,0.0
1804,7,160,False,419900,91480,358.0,5.0
1805,6,140,False,279000,91720,341.0,5.0
1806,5,94,False,335000,91490,347.0,5.0
1807,5,94,False,335000,91720,341.0,5.0
1808,6,117,False,449000,93200,439.0,5.0
1809,6,132,False,535000,95220,524.0,5.0
1810,2,72,False,207000,93220,426.0,0.0
1811,5,113,False,372000,77390,188.0,5.0
1812,3,87,False,330000,77590,29.0,0.0
1813,4,99,False,285000,95500,521.0,0.0
1814,5,145,False,475000,77166,74.0,7.0
1815,5,140,False,260000,77141,172.0,5.0
1816,6,116,False,620000,91330,379.0,5.0
1817,4,88,False,319000,91560,314.0,5.0
1818,3,65,False,595000,75013,12.0,0.0
1819,2,62,False,190000,77500,50.0,0.0
1820,1,23,False,119000,94190,485.0,0.0
1821,1,20,False,115000,93200,439.0,0.0
1822,6,200,False,499000,93390,421.0,5.0
1823,4,72,False,558900,92700,390.0,5.0
1824,4,80,False,340000,77410,186.0,5.0
1825,6,140,False,304500,77260,78.0,5.0
1826,2,40,False,450000,75015,14.0,0.0
1827,3,70,False,595000,75019,18.0,0.0
1828,3,101,False,97500,77320,77.0,5.0
1829,2,38,False,529990,75005,4.0,0.0
1830,2,37,False,205000,93150,417.0,0.0
1831,3,34,False,375000,92100,383.0,0.0
1832,11,280,False,404000,77510,175.0,5.0
1833,5,124,False,215000,78710,267.0,5.0
1834,9,300,False,875500,77250,120.0,5.0
1835,8,190,False,1280000,94120,459.0,5.0
1836,5,105,False,360000,78550,248.0,5.0
1837,3,57,False,177000,77500,50.0,0.0
1838,4,80,False,460000,93360,431.0,0.0
1839,2,46,False,198000,95480,542.0,0.0
1840,4,86,False,429000,95600,509.0,5.0
1841,4,83,False,445000,78670,286.0,0.0
1842,4,80,False,441000,78670,286.0,0.0
1843,3,58,False,346000,78670,286.0,0.0
1844,3,63,False,367000,78670,286.0,0.0
1845,2,43,False,281000,78670,286.0,0.0
1846,3,63,False,361000,78670,286.0,0.0
1847,2,47,False,297000,78670,286.0,0.0
1848,2,44,False,302000,78670,286.0,0.0
1849,5,107,False,495000,94310,471.0,5.0
1850,6,115,False,349000,94290,484.0,5.0
1851,7,200,False,498500,77390,89.0,5.0
1852,3,56,False,176500,95630,532.0,0.0
1853,4,104,False,775000,92150,410.0,0.0
1854,2,30,False,350000,75012,11.0,0.0
1855,3,90,False,369500,94500,453.0,0.0
1856,3,70,False,242000,93370,429.0,0.0
1857,6,145,False,415200,78200,244.0,5.0
1858,6,145,False,890000,78112,226.0,5.0
1859,6,106,False,695000,78000,283.0,0.0
1860,4,72,False,223000,78700,215.0,0.0
1861,4,150,False,995000,92700,390.0,5.0
1862,3,51,False,149000,95270,551.0,0.0
1863,3,59,False,269000,77400,97.0,0.0
1864,1,24,False,126000,93250,444.0,0.0
1865,5,125,False,474000,78990,219.0,5.0
1866,3,82,False,440000,75020,19.0,0.0
1867,4,95,False,320000,91160,339.0,5.0
1868,5,128,False,256800,77410,54.0,5.0
1869,3,65,False,259000,94350,486.0,0.0
1870,2,38,False,269000,94130,469.0,0.0
1871,7,165,False,899000,78360,252.0,5.0
1872,1,16,False,75000,77000,110.0,0.0
1873,4,82,False,354000,77500,50.0,5.0
1874,4,104,False,249000,78500,272.0,0.0
1875,3,75,False,326000,91450,367.0,5.0
1876,3,70,False,219000,77000,110.0,5.0
1877,6,187,False,1220000,92160,380.0,5.0
1878,3,63,False,240000,77400,67.0,0.0
1879,3,84,False,249900,95300,544.0,0.0
1880,3,54,False,198000,78450,287.0,0.0
1882,3,56,False,143000,91160,339.0,0.0
1883,4,111,False,340000,91170,377.0,5.0
1884,2,18,False,135000,95260,493.0,0.0
1885,4,103,False,519000,77700,159.0,5.0
1886,7,125,False,380000,77370,82.0,5.0
1887,4,85,False,549500,94100,478.0,0.0
1888,2,36,False,261600,92160,380.0,0.0
1889,3,56,False,235000,77170,35.0,0.0
1890,7,195,False,820000,95320,550.0,5.0
1891,4,93,False,869000,75017,16.0,0.0
1892,5,179,False,1175000,78150,211.0,5.0
1893,3,69,False,385000,92500,406.0,0.0
1894,3,78,False,320000,91190,326.0,0.0
1895,4,86,False,750000,78000,283.0,0.0
1896,6,120,False,630000,78630,259.0,5.0
1897,5,241,False,540000,77410,186.0,5.0
1898,2,43,False,360000,93100,430.0,0.0
1899,2,30,False,286000,92130,396.0,0.0
1900,7,135,False,390000,77190,65.0,5.0
1901,4,130,False,394000,95630,532.0,5.0
1902,6,187,False,525000,91800,301.0,5.0
1903,4,73,False,364900,94320,481.0,0.0
1904,4,74,False,210000,78190,276.0,0.0
1905,4,110,False,210000,77126,48.0,5.0
1906,6,212,False,1290000,94130,469.0,5.0
1907,3,67,False,199000,95000,501.0,0.0
1908,7,206,False,1460000,78400,209.0,5.0
1909,3,85,False,335000,95160,535.0,0.0
1910,5,105,False,712000,94360,451.0,5.0
1911,3,63,False,225000,91540,345.0,0.0
1912,3,67,False,275500,93250,444.0,5.0
1913,5,139,False,330000,77820,47.0,5.0
1914,3,68,False,258000,91800,305.0,0.0
1915,4,83,False,239000,94550,456.0,0.0
1916,3,73,False,368000,94140,447.0,0.0
1917,8,200,False,285000,77520,117.0,5.0
1918,2,45,False,135700,91100,313.0,0.0
1919,3,52,False,195000,93250,444.0,0.0
1920,3,64,False,325000,91300,344.0,0.0
1921,3,57,False,479000,92800,405.0,0.0
1922,4,89,False,521000,92380,393.0,0.0
1923,2,48,False,289000,92500,406.0,0.0
1924,3,59,False,214000,91100,313.0,0.0
1925,6,120,False,389000,91700,361.0,5.0
1926,3,71,False,887000,75016,15.0,0.0
1927,5,150,False,500000,91250,368.0,5.0
1928,4,82,False,295000,77124,183.0,5.0
1929,6,160,False,365000,77250,179.0,5.0
1930,5,102,False,335000,78190,276.0,0.0
1931,2,41,False,298000,92170,411.0,0.0
1932,7,162,False,635000,91330,379.0,5.0
1933,5,94,False,365000,95210,549.0,0.0
1934,4,82,False,215000,78190,276.0,0.0
1935,4,85,False,630000,92140,388.0,0.0
1936,7,140,False,620000,91440,307.0,5.0
1937,5,82,False,199000,77100,108.0,0.0
1938,3,47,False,158000,77100,108.0,0.0
1939,3,56,False,176000,78330,223.0,0.0
1940,1,30,False,110000,91350,328.0,0.0
1941,3,75,False,495000,94410,479.0,0.0
1942,5,114,False,355000,93270,441.0,5.0
1943,2,33,False,131000,78550,235.0,0.0
1944,5,117,False,358000,91600,366.0,5.0
1945,3,66,False,195000,78190,276.0,0.0
1946,6,160,False,396000,77515,134.0,5.0
1947,3,64,False,235000,94000,458.0,0.0
1948,2,40,False,179000,94320,481.0,0.0
1949,5,100,False,399900,77100,108.0,5.0
1950,5,88,False,288000,78390,196.0,0.0
1951,5,95,False,265000,78990,219.0,0.0
1952,5,100,False,379000,95170,507.0,5.0
1953,4,95,False,299000,94400,488.0,0.0
1954,2,49,False,190000,93700,424.0,0.0
1955,5,90,False,304000,94290,484.0,5.0
1956,5,129,False,364000,77000,110.0,5.0
1957,5,95,False,289000,91650,304.0,5.0
1958,5,131,False,360000,77166,74.0,5.0
1959,3,57,False,793814,75011,10.0,0.0
1960,2,63,False,225000,78800,236.0,0.0
1961,2,40,False,139900,91290,292.0,0.0
1962,6,110,False,369000,77220,166.0,5.0
1963,3,60,False,265000,95670,530.0,5.0
1964,5,125,False,280000,77130,86.0,5.0
1965,4,72,False,350000,78360,252.0,0.0
1966,5,93,False,390000,78420,204.0,0.0
1967,2,39,False,230000,94170,473.0,0.0
1968,2,50,False,629000,92200,403.0,0.0
1969,4,100,False,187000,77260,78.0,5.0
1970,5,120,False,310500,77190,65.0,5.0
1971,4,81,False,829530,75014,13.0,0.0
1972,4,94,False,549000,91300,344.0,0.0
1973,6,120,False,389000,77410,54.0,0.0
1974,3,61,False,279000,77164,76.0,0.0
1975,3,51,False,529000,75011,10.0,0.0
1976,4,87,False,219500,78500,272.0,0.0
1977,2,37,False,370000,75014,13.0,0.0
1978,2,37,False,360000,75014,13.0,0.0
1979,2,44,False,279000,94220,454.0,0.0
1980,4,90,False,349000,91240,363.0,5.0
1981,3,53,False,252000,93250,444.0,0.0
1982,8,185,False,699000,95560,536.0,5.0
1983,2,39,False,339000,92100,383.0,0.0
1984,4,64,False,549000,92100,383.0,0.0
1985,4,120,False,600000,93420,445.0,5.0
1986,2,48,False,599000,75011,10.0,0.0
1987,4,140,False,1390000,75016,15.0,0.0
1988,3,73,False,189000,77260,78.0,5.0
1989,2,34,False,193000,94320,481.0,0.0
1990,3,60,False,199900,94320,481.0,0.0
1991,4,83,False,369000,94600,457.0,0.0
1992,4,63,False,209000,94600,457.0,0.0
1993,9,160,False,1195000,94120,459.0,5.0
1994,1,26,False,235000,75010,9.0,0.0
1995,4,82,False,761000,75011,10.0,0.0
1996,4,77,False,680000,75015,14.0,0.0
1997,6,121,False,450000,94120,459.0,0.0
1998,3,90,False,620000,92500,406.0,0.0
1999,5,88,False,230000,91150,321.0,5.0
2000,5,120,False,440000,91150,321.0,5.0
2001,2,29,False,310000,75017,16.0,0.0
2002,4,102,False,292000,91150,351.0,5.0
2003,3,71,False,825000,92100,383.0,0.0
2004,8,195,False,970000,93100,430.0,5.0
2005,6,151,False,1380000,93100,430.0,5.0
2006,5,109,False,235000,95260,493.0,5.0
2007,5,102,False,429000,95290,525.0,5.0
2008,5,122,False,398000,78790,273.0,5.0
2009,5,280,False,4500000,75016,15.0,0.0
2010,3,93,False,369000,78650,195.0,5.0
2011,2,40,False,103000,78200,244.0,0.0
2012,10,236,False,359000,95450,563.0,5.0
2013,4,89,False,223000,95420,528.0,5.0
2014,6,139,False,243800,78920,218.0,5.0
2015,4,82,False,369000,78540,281.0,5.0
2016,1,26,False,153300,78370,261.0,0.0
2017,3,76,False,269415,78500,272.0,0.0
2018,3,70,False,515000,92600,381.0,0.0
2019,5,100,False,285000,95270,491.0,5.0
2020,3,54,False,162000,93700,424.0,0.0
2021,3,63,False,157500,77100,108.0,0.0
2022,3,59,False,329000,92260,392.0,0.0
2023,3,64,False,250000,78250,257.0,5.0
2024,4,102,False,284000,95380,527.0,5.0
2025,5,72,False,266000,95380,527.0,5.0
2026,4,88,False,254900,95470,516.0,5.0
2027,2,50,False,279000,78150,211.0,0.0
2028,8,260,False,435000,77260,78.0,5.0
2029,4,95,False,336000,77144,115.0,5.0
2031,5,102,False,175000,77120,58.0,5.0
2032,5,102,False,175000,77260,78.0,5.0
2033,9,200,False,499000,78910,258.0,5.0
2034,6,95,False,294000,78980,240.0,5.0
2035,2,49,False,156000,91200,293.0,0.0
2036,3,62,False,200000,95130,517.0,0.0
2037,6,113,False,471000,77400,163.0,5.0
2038,4,179,False,222000,77510,182.0,5.0
2039,4,80,False,219000,77135,136.0,5.0
2040,5,100,False,375000,95210,549.0,5.0
2041,5,135,False,549000,93250,444.0,5.0
2042,4,78,False,320000,91140,374.0,5.0
2043,3,65,False,305000,78620,220.0,0.0
2044,4,79,False,239600,95610,513.0,0.0
2045,3,62,False,480000,78000,283.0,0.0
2046,3,52,False,179000,91300,344.0,0.0
2047,6,175,False,289000,77620,71.0,5.0
2048,3,51,False,223300,94700,467.0,0.0
2049,3,63,False,268000,91700,361.0,0.0
2050,7,265,False,430000,77260,78.0,5.0
2051,10,260,False,1070000,91160,294.0,5.0
2052,2,51,False,225000,78670,286.0,0.0
2053,4,73,False,235000,94350,486.0,0.0
2054,2,24,False,255000,75010,9.0,0.0
2055,1,88,False,50000,77510,182.0,5.0
2056,8,150,False,311800,78580,247.0,5.0
2057,7,207,False,879000,78770,275.0,5.0
2058,8,120,False,270000,77910,171.0,5.0
2059,4,75,False,148000,77320,77.0,5.0
2060,4,82,False,319000,91700,361.0,5.0
2061,6,150,False,469000,91490,315.0,5.0
2062,2,40,False,366000,78000,283.0,0.0
2063,6,220,False,445000,77120,58.0,5.0
2064,1,31,False,142000,77410,54.0,0.0
2065,1,60,False,55000,77510,182.0,5.0
2066,12,360,False,750000,77640,95.0,5.0
2067,3,63,False,399000,92160,380.0,0.0
2068,3,66,False,560000,75019,18.0,0.0
2069,4,86,False,529000,93100,430.0,0.0
2070,4,165,False,565000,78124,245.0,5.0
2071,6,140,False,389000,78630,254.0,5.0
2072,5,98,False,1230000,94130,469.0,0.0
2073,6,115,False,264000,95270,562.0,5.0
2074,3,58,False,495000,75015,14.0,0.0
2075,3,53,False,155000,78250,234.0,0.0
2076,3,70,False,175000,95450,557.0,0.0
2077,11,259,False,1250000,94400,488.0,5.0
2078,6,120,False,245000,77670,177.0,5.0
2079,5,93,False,315000,77820,47.0,5.0
2080,6,119,False,207500,77480,34.0,5.0
2081,3,64,False,399000,94270,465.0,0.0
2082,6,150,False,330000,77160,137.0,5.0
2083,2,45,False,415000,94300,487.0,0.0
2084,6,125,False,550000,93250,444.0,5.0
2085,7,180,False,870000,94400,488.0,5.0
2086,3,74,False,225000,94450,466.0,0.0
2087,3,72,False,359000,92000,402.0,0.0
2088,3,60,False,270000,93350,420.0,5.0
2089,3,65,False,549000,92400,391.0,0.0
2090,4,89,False,698000,92250,394.0,0.0
2091,1,25,False,398000,75006,5.0,0.0
2092,4,63,False,185000,93360,431.0,0.0
2093,3,59,False,175000,78190,276.0,0.0
2094,4,62,False,205000,77100,108.0,5.0
2095,6,123,False,279900,77120,58.0,5.0
2096,6,135,False,449000,77580,62.0,5.0
2097,3,60,False,295000,94440,480.0,0.0
2098,1,13,False,60000,77000,173.0,0.0
2099,4,76,False,250000,77500,50.0,0.0
2100,4,179,False,222000,77260,78.0,5.0
2101,7,185,False,1200000,78170,205.0,5.0
2102,3,68,False,290000,94240,462.0,0.0
2103,5,100,False,347000,77000,141.0,5.0
2104,7,134,False,296000,77720,42.0,5.0
2105,4,94,False,1030000,75011,10.0,0.0
2106,5,90,False,359000,77100,108.0,5.0
2107,8,231,False,595000,78550,235.0,5.0
2108,4,87,False,430000,78560,264.0,0.0
2109,2,37,False,167000,95100,490.0,0.0
2110,5,93,False,399190,93370,429.0,0.0
2112,2,57,False,159900,77174,180.0,0.0
2113,3,54,False,99000,93390,421.0,0.0
2114,3,50,False,144000,93390,421.0,0.0
2115,4,88,False,420000,78126,193.0,5.0
2117,7,140,False,660000,78126,193.0,5.0
2118,4,85,False,350000,77400,97.0,0.0
2119,4,115,False,520000,93110,438.0,5.0
2120,2,31,False,350000,75011,10.0,0.0
2121,4,106,False,1390000,75007,6.0,0.0
2122,3,67,False,635000,75020,19.0,0.0
2123,3,61,False,628000,75010,9.0,0.0
2124,3,58,False,275000,77600,36.0,0.0
2125,2,54,False,525000,75019,18.0,0.0
2126,5,85,False,385000,91420,350.0,5.0
2127,4,74,False,330000,95130,517.0,0.0
2128,3,70,False,235000,95130,517.0,0.0
2129,12,350,False,997500,91540,345.0,5.0
2130,8,150,False,460000,77450,73.0,5.0
2131,7,349,False,930000,77700,105.0,5.0
2132,4,86,False,474700,77700,159.0,0.0
2133,7,349,False,930000,77450,119.0,5.0
2134,3,58,False,338400,77700,159.0,0.0
2135,2,42,False,270600,77700,52.0,0.0
2136,3,69,False,232000,77450,119.0,0.0
2137,3,160,False,1850000,77450,92.0,5.0
2138,1,30,False,205000,77144,115.0,0.0
2139,3,60,False,280000,77144,115.0,0.0
2140,4,79,False,338000,77144,115.0,0.0
2141,5,94,False,359000,77144,115.0,0.0
2142,6,146,False,588000,77700,25.0,5.0
2143,4,70,False,159000,78700,215.0,0.0
2144,7,139,False,396550,95610,513.0,5.0
2145,3,55,False,245000,78700,215.0,0.0
2146,3,60,False,179900,78700,215.0,0.0
2147,2,51,False,630000,75011,10.0,0.0
2148,2,41,False,440000,75011,10.0,0.0
2149,2,37,False,215000,94700,467.0,0.0
2150,3,83,False,267500,93700,424.0,0.0
2151,3,95,False,288500,93700,424.0,0.0
2152,4,78,False,185000,93190,428.0,0.0
2153,4,90,False,358000,95000,501.0,5.0
2154,4,67,False,232100,95000,501.0,0.0
2155,2,42,False,184625,95000,501.0,0.0
2156,3,73,False,175000,91240,363.0,0.0
2157,2,42,False,199900,77173,53.0,0.0
2158,5,120,False,640000,94120,459.0,5.0
2159,6,115,False,795000,94120,459.0,5.0
2160,2,41,False,370000,92130,396.0,0.0
2161,4,102,False,759000,94120,459.0,5.0
2162,6,236,False,518000,77390,176.0,5.0
2163,3,50,False,209000,91120,355.0,0.0
2164,3,65,False,485000,93100,430.0,0.0
2165,7,145,False,399000,91160,365.0,5.0
2166,2,41,False,299000,93100,430.0,0.0
2167,8,163,False,378000,77130,106.0,5.0
2168,6,171,False,423000,91720,341.0,5.0
2169,6,171,False,423000,91590,322.0,5.0
2170,3,53,False,259000,91490,347.0,5.0
2171,5,68,False,273000,91490,347.0,5.0
2172,8,180,False,585000,91490,347.0,5.0
2173,5,68,False,273000,91720,341.0,5.0
2174,5,92,False,259000,91720,341.0,5.0
2175,3,80,False,237000,91490,347.0,0.0
2176,8,180,False,585000,91590,322.0,5.0
2177,4,68,False,325000,91750,353.0,5.0
2178,4,88,False,284000,91720,341.0,5.0
2179,5,136,False,367500,91720,341.0,5.0
2180,5,115,False,329500,77123,127.0,5.0
2181,3,77,False,159000,91820,302.0,0.0
2182,3,63,False,315000,94240,462.0,0.0
2183,4,67,False,255000,94550,456.0,0.0
2184,2,30,False,415000,75004,3.0,0.0
2185,3,94,False,420000,93230,437.0,0.0
2186,3,53,False,380000,93170,416.0,0.0
2187,3,67,False,675000,94160,477.0,0.0
2188,5,102,False,304000,77410,54.0,5.0
2189,3,72,False,660000,75019,18.0,0.0
2190,9,280,False,1200000,93230,437.0,5.0
2191,2,27,False,265000,94300,487.0,0.0
2192,3,59,False,560000,75019,18.0,0.0
2193,2,60,False,615000,75019,18.0,0.0
2194,5,94,False,220000,91590,322.0,0.0
2195,1,23,False,89000,91100,371.0,0.0
2196,5,85,False,299000,91610,295.0,5.0
2197,6,120,False,239000,78980,200.0,5.0
2198,6,150,False,349000,78910,258.0,5.0
2199,4,105,False,285000,91590,322.0,5.0
2200,5,140,False,349000,78980,200.0,5.0
2201,7,158,False,365000,91490,347.0,5.0
2202,5,93,False,317000,91100,371.0,5.0
2203,7,195,False,380000,78550,235.0,5.0
2204,4,77,False,290000,78770,275.0,5.0
2205,2,30,False,120000,91820,302.0,0.0
2206,4,77,False,290000,78490,253.0,5.0
2207,6,150,False,349000,78550,235.0,5.0
2208,3,52,False,229000,91760,331.0,5.0
2209,5,100,False,292000,91590,316.0,5.0
2210,1,11,False,149000,75016,15.0,0.0
2211,3,62,False,645000,75018,17.0,0.0
2212,2,35,False,613000,75002,1.0,0.0
2214,4,90,False,1299000,75016,15.0,0.0
2215,4,83,False,592000,94340,464.0,0.0
2216,2,37,False,217000,94410,479.0,0.0
2217,3,73,False,486000,92400,391.0,0.0
2218,1,20,False,177000,94340,464.0,0.0
2219,1,26,False,267000,75020,19.0,0.0
2220,3,55,False,379000,94340,464.0,5.0
2221,5,75,False,197070,95420,538.0,5.0
2222,5,88,False,665000,92160,380.0,5.0
2223,1,23,False,164300,91190,326.0,0.0
2224,3,62,False,232000,91120,355.0,0.0
2225,9,179,False,680000,91210,318.0,5.0
2226,5,93,False,665000,92130,396.0,0.0
2227,4,85,False,835000,92190,400.0,5.0
2228,2,41,False,390000,92130,396.0,0.0
2229,2,33,False,450000,92300,397.0,0.0
2230,2,36,False,325000,92130,396.0,0.0
2231,1,37,False,360000,92130,396.0,0.0
2232,5,108,False,965000,92130,396.0,0.0
2233,4,85,False,780000,92130,396.0,0.0
2234,3,60,False,399000,93100,430.0,0.0
2235,4,89,False,480000,91300,344.0,0.0
2236,3,62,False,335000,91300,344.0,0.0
2237,1,27,False,194400,93100,430.0,0.0
2238,5,103,False,535000,91300,344.0,0.0
2239,4,90,False,470000,93100,430.0,5.0
2240,2,55,False,170000,91300,344.0,0.0
2241,3,72,False,260000,91300,344.0,0.0
2242,1,33,False,179900,91300,344.0,0.0
2243,7,144,False,548000,95300,512.0,5.0
2244,4,107,False,378000,95230,558.0,5.0
2245,3,59,False,257250,78570,191.0,0.0
2246,6,123,False,322000,78740,221.0,5.0
2247,3,59,False,257250,78510,277.0,0.0
2248,2,43,False,159000,94320,481.0,0.0
2249,3,66,False,220000,94320,481.0,0.0
2250,5,157,False,665000,78430,241.0,5.0
2251,1,22,False,206000,75012,11.0,0.0
2252,7,133,False,363790,95750,503.0,5.0
2253,3,54,False,246700,95000,501.0,0.0
2254,4,70,False,220000,77100,108.0,0.0
2255,8,137,False,429000,77330,128.0,5.0
2256,2,58,False,220000,77330,128.0,0.0
2257,5,90,False,495000,77090,55.0,5.0
2258,4,84,False,335000,91230,348.0,0.0
2259,8,175,False,624000,94440,482.0,5.0
2260,2,48,False,245000,91230,348.0,0.0
2261,5,140,False,428000,77860,149.0,5.0
2262,2,27,False,149000,91230,348.0,0.0
2263,1,18,False,109900,92310,409.0,0.0
2264,1,20,False,70000,94550,456.0,0.0
2265,1,19,False,109000,94110,448.0,0.0
2266,1,18,False,107000,92600,381.0,0.0
2267,1,20,False,77000,94550,456.0,0.0
2268,4,89,False,1037000,75014,13.0,0.0
2269,3,54,False,560000,94220,454.0,0.0
2270,7,118,False,450000,95540,533.0,5.0
2271,4,89,False,440000,94360,451.0,0.0
2272,7,166,False,495000,94880,470.0,5.0
2273,3,68,False,561500,75020,19.0,0.0
2274,2,55,False,619500,75020,19.0,0.0
2275,7,220,False,636000,95100,490.0,5.0
2276,3,69,False,428000,94130,469.0,0.0
2277,5,82,False,765000,94130,469.0,5.0
2278,1,25,False,265000,75020,19.0,0.0
2279,4,87,False,599000,94130,469.0,0.0
2280,1,28,False,198000,94270,465.0,0.0
2281,4,117,False,550000,93170,416.0,5.0
2282,4,134,False,1270000,75020,19.0,0.0
2283,3,66,False,347000,94270,465.0,0.0
2284,3,55,False,355350,92370,387.0,0.0
2285,1,27,False,175100,92370,387.0,0.0
2286,1,23,False,109000,78390,196.0,0.0
2287,4,80,False,198000,78990,219.0,0.0
2288,2,40,False,199500,78390,196.0,0.0
2289,2,46,False,168500,78390,196.0,0.0
2290,3,75,False,165075,77640,95.0,5.0
2291,4,109,False,300675,77450,92.0,5.0
2292,4,110,False,369250,77470,167.0,5.0
2293,7,132,False,438900,77470,33.0,5.0
2294,1,28,False,107000,77470,167.0,0.0
2295,3,65,False,284000,94600,457.0,0.0
2296,2,46,False,280000,94000,458.0,0.0
2297,6,95,False,689000,94600,457.0,5.0
2298,4,78,False,284500,94600,457.0,0.0
2299,5,151,False,659000,95320,550.0,5.0
2300,3,51,False,234000,95320,550.0,5.0
2301,2,42,False,128000,91100,313.0,0.0
2302,1,21,False,210000,75012,11.0,0.0
2303,3,63,False,239000,95800,501.0,0.0
2304,2,58,False,340000,94200,463.0,0.0
2305,2,61,False,499000,93500,435.0,0.0
2306,2,31,False,309000,75018,17.0,0.0
2307,2,38,False,164000,77340,135.0,0.0
2308,1,27,False,317000,92800,405.0,0.0
2309,7,221,False,549000,95300,544.0,0.0
2310,4,83,False,165000,95210,549.0,0.0
2311,2,44,False,179900,95310,552.0,0.0
2312,3,60,False,242000,95300,544.0,0.0
2313,5,80,False,284000,95280,526.0,5.0
2314,2,43,False,178500,95000,501.0,0.0
2315,5,96,False,325000,95210,549.0,0.0
2316,2,43,False,189000,95100,490.0,0.0
2317,6,164,False,267000,91150,321.0,5.0
2318,2,48,False,312000,92350,404.0,0.0
2319,3,59,False,191700,77100,108.0,0.0
2320,6,122,False,397100,77100,123.0,5.0
2321,3,63,False,197025,77910,171.0,5.0
2322,4,115,False,348150,77100,123.0,5.0
2323,3,51,False,180000,77100,108.0,0.0
2324,1,24,False,112875,77100,108.0,0.0
2325,1,25,False,112875,77100,108.0,0.0
2327,4,68,False,186375,77410,185.0,5.0
2328,5,110,False,348150,77440,22.0,5.0
2329,6,133,False,659000,94150,476.0,5.0
2330,5,196,False,264415,91150,321.0,5.0
2331,3,69,False,197000,93100,430.0,0.0
2332,2,48,False,517000,75010,9.0,0.0
2333,7,128,False,680000,94150,476.0,5.0
2334,7,145,False,535000,93130,434.0,5.0
2335,3,39,False,380000,75012,11.0,0.0
2336,8,156,False,699000,94150,476.0,5.0
2337,2,44,False,318000,93100,430.0,0.0
2338,2,44,False,350000,93100,430.0,0.0
2339,3,50,False,118500,91150,321.0,5.0
2340,1,30,False,79000,91150,321.0,0.0
2341,3,48,False,517000,75010,9.0,0.0
2342,7,170,False,398660,91690,297.0,5.0
2343,5,88,False,299720,91150,351.0,5.0
2344,7,154,False,339500,91150,321.0,5.0
2345,2,32,False,290000,75018,17.0,0.0
2346,3,62,False,465000,92100,383.0,0.0
2347,12,227,False,936000,94350,486.0,5.0
2348,1,26,False,199000,94250,461.0,0.0
2349,1,22,False,334000,75006,5.0,0.0
2350,2,40,False,360000,75019,18.0,0.0
2351,2,44,False,370000,75019,18.0,0.0
2352,4,122,False,263000,78550,235.0,5.0
2353,2,55,False,290000,94230,452.0,0.0
2354,7,205,False,1135000,95290,525.0,5.0
2355,6,115,False,454000,95620,540.0,5.0
2356,6,115,False,454000,95290,525.0,5.0
2357,5,84,False,365000,95620,540.0,5.0
2358,3,65,False,263000,95660,502.0,0.0
2359,2,51,False,170000,95100,490.0,0.0
2360,4,93,False,365000,95620,540.0,5.0
2361,7,183,False,455000,95620,540.0,5.0
2362,5,103,False,327050,95820,500.0,5.0
